Sample name	Superpopulation code
HG00148	EUR
HG00150	EUR
HG00155	EUR
HG00117	EUR
HG00124	EUR
HG00136	EUR
HG00143	EUR
HG00129	EUR
HG00131	EUR
HG00100	EUR
HG00105	EUR
HG00097	EUR
HG00128	EUR
HG00130	EUR
HG00135	EUR
HG00109	EUR
HG00111	EUR
HG00116	EUR
HG00123	EUR
HG00096	EUR
HG00142	EUR
HG01192	AMR
HG01197	AMR
HG01200	AMR
HG01205	AMR
HG01243	AMR
HG01248	AMR
HG01250	AMR
HG01344	AMR
HG01349	AMR
HG01351	AMR
HG01281	AMR
HG01286	AMR
HG01301	AMR
HG01363	AMR
HG01375	AMR
HG01274	AMR
HG01279	AMR
HG01356	AMR
HG01325	AMR
HG01255	AMR
HG01774	EUR
HG01779	EUR
HG01700	EUR
HG01705	EUR
HG01762	EUR
HG01767	EUR
HG01781	EUR
HG01786	EUR
HG01849	EAS
HG01851	EAS
HG01806	EAS
HG01813	EAS
HG01798	EAS
HG01801	EAS
HG01748	EUR
HG01755	EUR
HG01844	EAS
HG02013	AFR
HG02018	EAS
HG02020	EAS
HG01988	AFR
HG01990	AFR
HG01995	AMR
HG02025	EAS
HG02032	EAS
HG01976	AMR
HG01983	AMR
HG02070	EAS
HG02075	EAS
HG02082	EAS
HG02087	EAS
HG02049	EAS
HG02051	AFR
HG02056	EAS
HG02068	EAS
HG02006	AMR
HG02253	AMR
HG02258	AFR
HG02260	AMR
HG02304	AMR
HG02309	AFR
HG02316	AFR
HG02277	AMR
HG02284	AFR
HG02265	AMR
HG02272	AMR
HG02291	AMR
HG02373	EAS
HG02323	AFR
HG02330	AFR
HG02380	EAS
HG02347	AMR
HG02594	AFR
HG02599	SAS
HG02602	SAS
HG02568	AFR
HG02570	AFR
HG02575	AFR
HG02652	SAS
HG02657	SAS
HG02614	AFR
HG02621	AFR
HG02582	AFR
HG02587	AFR
HG02683	SAS
HG02688	SAS
HG02676	AFR
HG02645	AFR
HG02690	SAS
HG02924	AFR
HG02943	AFR
HG02979	AFR
HG02981	AFR
HG03009	SAS
HG02861	AFR
HG02878	AFR
HG02880	AFR
HG02885	AFR
HG03016	SAS
HG03023	SAS
HG03028	AFR
HG02974	AFR
HG02892	AFR
HG00653	EAS
HG02897	AFR
HG00658	EAS
HG02948	AFR
HG00672	EAS
HG03268	AFR
HG00552	AMR
HG03270	AFR
HG00557	EAS
HG03193	AFR
HG00533	EAS
HG03198	AFR
HG00538	EAS
HG03294	AFR
HG00608	EAS
HG03299	AFR
HG00610	EAS
HG03237	SAS
HG00590	EAS
HG03249	AFR
HG00595	EAS
HG03251	AFR
HG00627	EAS
HG03162	AFR
HG00634	EAS
HG03302	AFR
HG00615	EAS
HG03307	AFR
HG00622	EAS
HG03225	AFR
HG00583	EAS
HG03167	AFR
HG00639	AMR
HG03369	AFR
HG00641	AMR
HG03371	AFR
HG01327	AMR
HG03376	AFR
HG01334	EUR
HG03383	AFR
HG01341	AMR
HG03388	AFR
HG01377	AMR
HG03390	AFR
HG01384	AMR
HG03446	AFR
HG01389	AMR
HG03453	AFR
HG01391	AMR
HG03458	AFR
HG01353	AMR
HG03460	AFR
HG01358	AMR
HG03408	AFR
HG01360	AMR
HG03410	AFR
HG01257	AMR
HG03465	AFR
HG01269	AMR
HG03472	AFR
HG01271	AMR
HG03352	AFR
HG01303	AMR
HG03439	AFR
HG01308	AMR
HG03314	AFR
HG01322	AMR
HG03629	SAS
HG01365	AMR
HG03631	SAS
HG01372	AMR
HG03636	SAS
HG01346	AMR
HG03706	SAS
HG01252	AMR
HG03713	SAS
HG01276	AMR
HG03643	SAS
HG01531	EUR
HG03650	SAS
HG01536	EUR
HG03698	SAS
HG01550	AMR
HG03701	SAS
HG01586	SAS
HG03679	SAS
HG01593	SAS
HG03681	SAS
HG01598	EAS
HG03667	SAS
HG01632	EUR
HG03686	SAS
HG01668	EUR
HG03693	SAS
HG01670	EUR
HG03718	SAS
HG01620	EUR
HG03720	SAS
HG01625	EUR
HG03725	SAS
HG01613	EUR
HG03732	SAS
HG01618	EUR
HG03908	SAS
HG01524	EUR
HG03910	SAS
HG01529	EUR
HG03915	SAS
HG01675	EUR
HG03934	SAS
HG01682	EUR
HG03939	SAS
HG01601	EUR
HG03941	SAS
HG01606	EUR
HG03869	SAS
HG01567	AMR
HG03871	SAS
HG01579	AMR
HG03876	SAS
HG01954	AMR
HG03895	SAS
HG01959	AFR
HG03903	SAS
HG01961	AMR
HG03922	SAS
HG01872	EAS
HG03927	SAS
HG01884	AFR
HG03888	SAS
HG01923	AMR
HG03890	SAS
HG01928	AMR
HG03857	SAS
HG01942	AMR
HG03953	SAS
HG01947	AMR
HG03864	SAS
HG01896	AFR
NA06984	EUR
HG01916	AFR
NA06989	EUR
HG01889	AFR
NA06991	EUR
HG01891	AFR
HG04216	SAS
HG01853	EAS
HG04228	SAS
HG01858	EAS
HG04235	SAS
HG01860	EAS
HG04204	SAS
HG01935	AMR
HG04209	SAS
HG01865	EAS
HG04211	SAS
HG02091	AMR
HG04184	SAS
HG02104	AMR
HG04189	SAS
HG02111	AFR
HG04191	SAS
HG02084	EAS
HG04153	SAS
HG02089	AMR
HG04158	SAS
HG02142	EAS
HG04160	SAS
HG02147	AMR
NA10839	EUR
HG02116	EAS
NA07045	EUR
HG02128	EAS
NA07348	EUR
HG02130	EAS
NA07014	EUR
HG02224	EUR
NA07019	EUR
HG00119	EUR
HG02229	EUR
HG04177	SAS
HG00121	EUR
HG02231	EUR
NA12842	EUR
HG00126	EUR
HG02185	EAS
NA12873	EUR
HG00099	EUR
HG02217	EUR
NA12878	EUR
HG00102	EUR
HG02173	EAS
NA12892	EUR
HG00107	EUR
HG02178	EAS
NA18484	AFR
HG00138	EUR
HG02180	EAS
NA18489	AFR
HG00140	EUR
HG02154	EAS
NA18523	AFR
HG00145	EUR
HG02166	EAS
NA18528	EAS
HG00253	EUR
HG02135	EAS
NA18530	EAS
HG00258	EUR
HG02464	AFR
NA12828	EUR
HG00260	EUR
HG02471	AFR
NA12830	EUR
HG00171	EUR
HG02476	AFR
NA12760	EUR
HG00176	EUR
HG02508	AFR
NA12777	EUR
HG00239	EUR
HG02522	EAS
NA18509	AFR
HG00114	EUR
HG02387	EAS
NA18511	AFR
HG00246	EUR
HG02394	EAS
NA18516	AFR
HG00133	EUR
HG02399	EAS
NA12739	EUR
HG00157	EUR
HG02402	EAS
NA12753	EUR
HG00152	EUR
HG02407	EAS
NA18504	AFR
HG00183	EUR
HG02490	SAS
NA18535	EAS
HG00501	EAS
HG02433	AFR
NA19057	EAS
HG00513	EAS
HG02445	AFR
NA19064	EAS
HG00525	EAS
HG02382	EAS
NA18972	EAS
HG00532	EAS
HG02419	AFR
NA18977	EAS
HG00537	EAS
HG02495	SAS
NA18989	EAS
HG00544	EAS
HG02717	AFR
NA18991	EAS
HG00551	AMR
HG02724	SAS
NA19002	EAS
HG00429	EAS
HG02729	SAS
NA19007	EAS
HG00436	EAS
HG02731	SAS
NA18984	EAS
HG00443	EAS
HG02736	SAS
NA19076	EAS
HG00448	EAS
HG02692	SAS
NA19038	AFR
HG00450	EAS
HG02697	SAS
NA19019	AFR
HG00474	EAS
HG02700	SAS
NA19026	AFR
HG00479	EAS
HG02793	SAS
NA19184	AFR
HG00556	EAS
HG02798	AFR
NA19189	AFR
HG00405	EAS
HG02779	SAS
NA19191	AFR
HG00594	EAS
HG02781	SAS
NA19196	AFR
HG00582	EAS
HG02786	SAS
NA19160	AFR
HG01092	AMR
HG02678	AFR
NA19172	AFR
HG01097	AMR
HG02680	AFR
NA19177	AFR
HG01100	AMR
HG02685	SAS
NA19088	EAS
HG01112	AMR
HG02774	SAS
NA19090	EAS
HG01124	AMR
HG02762	AFR
NA19095	AFR
HG01047	AMR
HG03239	SAS
NA19146	AFR
HG01054	AMR
HG03241	AFR
NA19153	AFR
HG01061	AMR
HG03246	AFR
NA19108	AFR
HG01066	AMR
HG03258	AFR
NA19115	AFR
HG01080	AMR
HG03260	AFR
NA19139	AFR
HG01085	AMR
HG03265	AFR
NA19141	AFR
HG01105	AMR
HG03169	AFR
NA19122	AFR
HG01073	AMR
HG03171	AFR
NA19127	AFR
HG00866	EAS
HG03176	AFR
NA19083	EAS
HG01028	EAS
HG03190	AFR
NA19103	AFR
HG01364	AMR
HG03133	AFR
NA19658	AMR
HG01369	AMR
HG03140	AFR
NA19660	AMR
HG01376	AMR
HG03157	AFR
NA19665	AMR
HG01383	AMR
HG03203	AFR
NA19444	AFR
HG01390	AMR
HG03234	SAS
NA19449	AFR
HG01439	AMR
HG03272	AFR
NA19451	AFR
HG01441	AMR
HG03291	AFR
NA19468	AFR
HG01345	AMR
HG03195	AFR
NA19470	AFR
HG01352	AMR
HG03126	AFR
NA19475	AFR
HG01465	AMR
HG03164	AFR
NA19677	AMR
HG01477	AMR
HG03575	AFR
NA19684	AMR
HG01395	AMR
HG03582	AFR
NA19432	AFR
HG01403	AMR
HG03587	SAS
NA19437	AFR
HG01357	AMR
HG03513	AFR
NA19672	AMR
HG01453	AMR
HG03518	AFR
NA19398	AFR
HG01415	AMR
HG03520	AFR
NA19401	AFR
HG01763	EUR
HG03594	SAS
NA19456	AFR
HG01768	EUR
HG03599	SAS
NA19463	AFR
HG01770	EUR
HG03602	SAS
NA19653	AMR
HG01674	EUR
HG03479	AFR
NA20129	AFR
HG01679	EUR
HG03486	AFR
NA20282	AFR
HG01681	EUR
HG03549	AFR
NA20319	AFR
HG01612	EUR
HG03556	AFR
NA20321	AFR
HG01617	EUR
HG03607	SAS
NA20333	AFR
HG01624	EUR
HG03563	AFR
NA20302	AFR
HG01629	EUR
HG03493	AFR
NA20314	AFR
HG01686	EUR
HG03474	AFR
NA20287	AFR
HG01698	EUR
HG03804	SAS
NA20294	AFR
HG01775	EUR
HG03809	SAS
NA19836	AFR
HG01782	EUR
HG03811	SAS
HG00244	EUR
NA19901	AFR
HG01631	EUR
HG03760	SAS
HG00249	EUR
NA19918	AFR
HG01667	EUR
HG03765	SAS
HG00251	EUR
NA19920	AFR
HG01756	EUR
HG03830	SAS
HG00174	EUR
NA20299	AFR
HG01701	EUR
HG03835	SAS
HG00263	EUR
NA19982	AFR
HG01706	EUR
HG03816	SAS
HG00268	EUR
NA19913	AFR
HG01953	AMR
HG03823	SAS
HG00186	EUR
NA20869	SAS
HG01958	AFR
HG03796	SAS
HG00232	EUR
NA20871	SAS
HG01960	AFR
HG03772	SAS
HG00179	EUR
NA20895	SAS
HG01965	AMR
HG03777	SAS
HG00181	EUR
NA20888	SAS
HG02014	AFR
HG03746	SAS
HG00270	EUR
NA20890	SAS
HG02019	EAS
HG03753	SAS
HG00275	EUR
NA20826	EUR
HG02021	EAS
HG03784	SAS
HG00256	EUR
NA20845	SAS
HG01934	AMR
HG03789	SAS
HG00112	EUR
NA20876	SAS
HG01939	AMR
HG03741	SAS
HG00237	EUR
NA20852	SAS
HG01941	AMR
HG03948	SAS
HG00282	EUR
NA20864	SAS
HG01989	AFR
HG03950	SAS
HG00383	EUR
NA20883	SAS
HG01991	AMR
HG03955	SAS
HG00403	EAS
NA20910	SAS
HG01977	AMR
HG04054	SAS
HG00369	EUR
NA21088	SAS
HG01984	AMR
HG04059	SAS
HG00243	EUR
HG00371	EUR
NA21090	SAS
HG01922	AMR
HG04061	SAS
HG00248	EUR
HG00376	EUR
NA21134	SAS
HG01927	AMR
HG04023	SAS
HG00250	EUR
HG00408	EAS
NA21141	SAS
HG02002	AMR
HG04035	SAS
HG00147	EUR
HG00410	EAS
NA21103	SAS
HG01972	AMR
HG04100	SAS
HG00154	EUR
HG00319	EUR
NA21108	SAS
HG01946	AMR
HG04042	SAS
HG00178	EUR
HG00321	EUR
NA21122	SAS
HG02278	AMR
HG04047	SAS
HG00180	EUR
HG00357	EUR
NA21127	SAS
HG02280	AFR
HG03967	SAS
HG00185	EUR
HG00364	EUR
NA21110	SAS
HG02285	AMR
HG03974	SAS
HG00159	EUR
HG00326	EUR
NA21115	SAS
HG02254	AMR
HG03998	SAS
HG00173	EUR
HG00338	EUR
SC_GMJOL5309930	AFR
HG02259	AMR
HG03986	SAS
HG00262	EUR
HG00345	EUR
SC_GMJOL5309891	AFR
HG02261	AMR
HG04080	SAS
HG00267	EUR
HG00302	EUR
SC_GMFUL5306370	AFR
HG02292	AMR
NA11930	EUR
HG00236	EUR
HG00561	EAS
NA20908	SAS
HG02300	AMR
NA11992	EUR
HG00255	EUR
HG00566	EAS
NA21095	SAS
HG02266	AMR
NA12003	EUR
HG00231	EUR
HG00578	EAS
NA20903	SAS
HG02273	AMR
NA07340	EUR
HG00104	EUR
HG00580	EAS
SC_GMJOL5309942	AFR
HG02223	EUR
NA07345	EUR
HG00274	EUR
HG00458	EAS
SC_GMJOL5309966	AFR
HG02230	EUR
NA07357	EUR
HG00407	EAS
HG00465	EAS
SC_GMFUL5306356	AFR
HG02235	EUR
NA12046	EUR
HG00419	EAS
HG00472	EAS
SC_GMFUL5309773	AFR
HG02153	EAS
NA12058	EUR
HG00421	EAS
HG00477	EAS
SC_GMJOL5309935	AFR
HG02165	EAS
NA12274	EUR
HG00344	EUR
HG00530	EAS
SC_GMJOL5309959	AFR
HG02184	EAS
NA12286	EUR
HG00349	EUR
HG00535	EAS
SC_GMJOL5309980	AFR
HG02189	EAS
NA12154	EUR
HG00351	EUR
HG00542	EAS
SC_GMJOL5309911	AFR
HG02494	SAS
NA12248	EUR
HG00356	EUR
HG00422	EAS
SC_GMFUL5309711	AFR
HG02502	AFR
NA10831	EUR
HG00313	EUR
HG00427	EAS
SC_GMJOL5309973	AFR
HG02583	AFR
NA10836	EUR
HG00318	EUR
HG00554	AMR
SC_GMFUL5306349	AFR
HG02588	AFR
NA10843	EUR
HG00320	EUR
HG00559	EAS
SC_GMFUL5309735	AFR
HG02590	AFR
NA10850	EUR
HG00325	EUR
HG00585	EAS
SC_GMMAN5482163	AFR
HG02595	AFR
NA10855	EUR
HG00332	EUR
HG00592	EAS
SC_GMMAN5482187	AFR
HG02610	AFR
NA11891	EUR
HG00368	EUR
HG00446	EAS
SC_GMMAN5482219	AFR
HG02615	AFR
NA11839	EUR
HG00375	EUR
HG00453	EAS
SC_GMMAN5482170	AFR
HG02622	AFR
NA18525	EAS
HG00337	EUR
HG00612	EAS
SC_GMMAN5482194	AFR
HG02526	EAS
NA18532	EAS
HG00306	EUR
HG00624	EAS
SC_GMMAN5482202	AFR
HG02545	AFR
NA18570	EAS
HG00382	EUR
HG00597	EAS
SC_GMWOF5428787	AFR
HG02557	AFR
NA18582	EAS
HG00281	EUR
HG00600	EAS
SC_GMWOF5428819	AFR
HG02569	AFR
NA18619	EAS
HG00584	EAS
HG00732	AMR
SC_GMWOF5428833	AFR
HG02463	AFR
NA18621	EAS
HG00589	EAS
HG00737	AMR
SC_GMWOF5428857	AFR
HG02470	AFR
NA18537	EAS
HG00591	EAS
HG00693	EAS
SC_GMWOF5428821	AFR
HG02514	EAS
NA18544	EAS
HG00553	AMR
HG00698	EAS
SC_GMWOF5428869	AFR
HG02521	EAS
NA18563	EAS
HG00558	EAS
HG00701	EAS
SC_GMWOF5428838	AFR
HG02603	SAS
NA18599	EAS
HG00560	EAS
HG00636	EAS
SC_GMWOF5428814	AFR
HG02571	AFR
NA18602	EAS
HG00464	EAS
HG00650	EAS
SC_GMMAN5482252	AFR
HG02684	SAS
NA18626	EAS
HG00476	EAS
HG00655	EAS
SC_GMWOF5428871	AFR
HG02689	SAS
NA18614	EAS
HG00445	EAS
HG00662	EAS
HGDP00144	
HG02691	SAS
NA18549	EAS
HG00452	EAS
HG00629	EAS
HGDP00149	
HG02646	AFR
NA19023	AFR
HG00457	EAS
HG00631	EAS
HGDP00151	
HG02653	SAS
NA19004	EAS
HG00534	EAS
HG01052	AMR
HGDP00086	
HG02704	AFR
NA19009	EAS
HG00596	EAS
HG00674	EAS
HGDP00098	
HG02716	AFR
NA19011	EAS
HG00609	EAS
HG00864	EAS
HGDP00118	
HG02723	AFR
NA19028	AFR
HG00565	EAS
HG00706	EAS
HGDP00120	
HG02728	SAS
NA19030	AFR
HG00577	EAS
HG00718	EAS
HGDP00062	
HG02735	SAS
NA19035	AFR
HG00611	EAS
HG01088	AMR
HGDP00074	
HG02658	SAS
NA19042	AFR
HG00623	EAS
HG01090	AMR
HGDP00137	
HG02660	SAS
NA19054	EAS
HG00438	EAS
HG01095	AMR
HGDP00106	
HG02759	AFR
NA18981	EAS
HG00731	AMR
HG01110	AMR
HGDP00163	
HG02761	AFR
NA18986	EAS
HG00736	AMR
HG01122	AMR
HGDP00175	
HG02696	SAS
NA18962	EAS
HG00635	EAS
HG01139	AMR
HGDP00550	
HG02634	AFR
NA18967	EAS
HG00642	AMR
HG01141	AMR
HGDP00555	
HG02677	AFR
NA18993	EAS
HG00705	EAS
HG01069	AMR
HGDP00473	
HG03113	AFR
NA18998	EAS
HG00717	EAS
HG01071	AMR
HGDP00478	
HG03118	AFR
NA18974	EAS
HG00729	EAS
HG01103	AMR
HGDP00512	
HG03120	AFR
NA18979	EAS
HG00628	EAS
HG01108	AMR
HGDP00543	
HG03168	AFR
NA18955	EAS
HG00630	EAS
HG01134	AMR
HGDP00524	
HG03170	AFR
NA19256	AFR
HG00692	EAS
HG01083	AMR
HGDP00529	
HG03175	AFR
NA19307	AFR
HG00700	EAS
HG01064	AMR
HGDP00531	
HG03132	AFR
NA19198	AFR
HG00743	AMR
HG01172	AMR
HGDP00536	
HG03137	AFR
NA19201	AFR
HG00844	EAS
HG01254	AMR
HGDP00579	
HG03086	AFR
NA19213	AFR
HG00851	EAS
HG01259	AMR
HGDP00581	
HG03098	AFR
NA19225	AFR
HG00673	EAS
HG01261	AMR
HGDP00562	
HG03194	AFR
NA19352	AFR
HG00685	EAS
HG01343	AMR
HGDP00567	
HG03199	AFR
NA19371	AFR
HG00654	EAS
HG01348	AMR
HGDP00574	
HG03163	AFR
NA19206	AFR
HG00983	EAS
HG01350	AMR
HGDP00466	
HG03202	AFR
NA19174	AFR
HG01068	AMR
HG01273	AMR
HGDP00517	
HG03125	AFR
NA19186	AFR
HG01070	AMR
HG01278	AMR
HGDP00721	
HG03101	AFR
NA19314	AFR
HG01075	AMR
HG01280	AMR
HGDP00726	
HG03644	SAS
NA19319	AFR
HG01114	AMR
HG01177	AMR
HGDP00733	
HG03649	SAS
NA19237	AFR
HG01119	AMR
HG01184	AMR
HGDP00738	
HG03651	SAS
NA19249	AFR
HG01121	AMR
HG01189	AMR
HGDP00740	
HG03656	SAS
NA19321	AFR
HG01049	AMR
HG01191	AMR
HGDP00745	
HG03663	SAS
NA19338	AFR
HG01051	AMR
HG01204	AMR
HGDP00752	
HG03668	SAS
NA19681	AMR
HG01102	AMR
HG01242	AMR
HGDP00771	
HG03618	SAS
NA19686	AMR
HG01107	AMR
HG01247	AMR
HGDP00776	
HG03620	SAS
NA19701	AFR
HG01126	AMR
HG01305	AMR
HGDP00714	
HG03625	SAS
NA19718	AMR
HG01133	AMR
HG01312	AMR
HGDP00719	
HG03593	SAS
NA19720	AMR
HG01138	AMR
HG01355	AMR
HGDP00764	
HG03598	SAS
NA19725	AMR
HG01140	AMR
HG01324	AMR
HGDP00769	
HG03699	SAS
NA19749	AMR
HG01082	AMR
HG01362	AMR
HGDP00699	
HG03702	SAS
NA19751	AMR
HG01087	AMR
HG01367	AMR
HGDP00694	
HG03574	AFR
NA19756	AMR
HG01094	AMR
HG01374	AMR
HGDP00757	
HG03579	AFR
NA19782	AMR
HG01099	AMR
HG01413	AMR
HGDP00909	
HG03687	SAS
NA19787	AMR
HG01056	AMR
HG01432	AMR
HGDP00911	
HG03694	SAS
NA19763	AMR
HG01063	AMR
HG01437	AMR
HGDP00916	
HG03606	SAS
NA19770	AMR
HG01176	AMR
HG01444	AMR
HGDP00992	
HG03682	SAS
NA19713	AFR
HG01183	AMR
HG01463	AMR
HGDP01010	
HG03909	SAS
NA19732	AMR
HG01188	AMR
HG01468	AMR
HGDP00966	
HG03911	SAS
NA19737	AMR
HG01164	AMR
HG01393	AMR
HGDP00973	
HG03916	SAS
NA19775	AMR
HG01169	AMR
HG01398	AMR
HGDP00959	
HG03884	SAS
NA20359	AFR
HG01171	AMR
HG01456	AMR
HGDP00961	
HG03896	SAS
NA20361	AFR
HG01253	AMR
HG01494	AMR
HGDP00935	
HG03815	SAS
NA20506	EUR
HG01258	AMR
HG01482	AMR
HGDP00942	
HG03822	SAS
NA20513	EUR
HG01260	AMR
HG01487	AMR
HGDP00947	
HG03928	SAS
NA20544	EUR
HG01323	AMR
HG01379	AMR
HGDP00954	
HG03858	SAS
NA20582	EUR
HG01342	AMR
HG01499	AMR
HGDP01027	
HG03846	SAS
NA20525	EUR
HG01284	AMR
HG01502	EUR
HGDP00985	
HG03872	SAS
NA20532	EUR
HG01311	AMR
HG01507	EUR
HGDP00930	
HG03904	SAS
NA20518	EUR
HG01272	AMR
HG01519	EUR
HGDP01229	
HG03834	SAS
NA20520	EUR
HG01277	AMR
HG01521	EUR
HGDP01231	
HG04301	EUR
NA20412	AFR
HG01190	AMR
HG01526	EUR
HGDP01236	
NA06985	EUR
NA20587	EUR
HG01195	AMR
HG01608	EUR
HGDP01293	
HG04192	SAS
NA20753	EUR
HG01241	AMR
HG01610	EUR
HGDP01298	
HG04197	SAS
NA20537	EUR
HG01347	AMR
HG01615	EUR
HGDP01217	
HG04200	SAS
NA20347	AFR
HG01405	AMR
HG01583	SAS
HGDP01224	
HG04217	SAS
NA20859	SAS
HG01412	AMR
HG01590	SAS
HGDP01262	
HG04229	SAS
NA20861	SAS
HG01431	AMR
HG01595	EAS
HGDP01267	
HG04173	SAS
NA20900	SAS
HG01479	AMR
HG01571	AMR
HGDP01313	
HG04180	SAS
NA20905	SAS
HG01481	AMR
HG01603	EUR
HGDP01318	
HG04159	SAS
NA20892	SAS
HG01486	AMR
HG01538	EUR
HGDP01243	
HG04161	SAS
NA20897	SAS
HG01354	AMR
HG01552	AMR
HGDP01248	
HG04185	SAS
NA20866	SAS
HG01359	AMR
HG01622	EUR
HGDP01279	
HG04142	SAS
NA20878	SAS
HG01378	AMR
HG01627	EUR
HGDP01255	
HG04147	SAS
NA20885	SAS
HG01385	AMR
HG01514	EUR
HGDP01301	
HG04128	SAS
NA21092	SAS
HG01361	AMR
HG01709	EUR
HGDP01274	
HG04135	SAS
NA20873	SAS
HG01366	AMR
HG01711	EUR
HGDP01306	
HG04212	SAS
SC_GMFUL5309764	AFR
HG01462	AMR
HG01747	EUR
HGDP01402	
NA12336	EUR
SC_GMFUL5306392	AFR
HG01474	AMR
HG01773	EUR
Est375	
NA12343	EUR
SC_GMFUL5306400	AFR
HG01392	AMR
HG01778	EUR
NorthOssetia5	
NA12348	EUR
SC_GMFUL5309719	AFR
HG01397	AMR
HG01780	EUR
iran11	
NA12386	EUR
SC_GMFUL5306412	AFR
HG01455	AMR
HG01684	EUR
HGDP00461	
NA12766	EUR
SC_GMFUL5309733	AFR
HG01443	AMR
HG01696	EUR
Ul31	
NA12778	EUR
SC_GMFUL5306424	AFR
HG01599	EAS
HG01761	EUR
HGDP01344	
NA12812	EUR
SC_GMFUL5309702	AFR
HG01602	EUR
HG01766	EUR
Mansi79	
NA12817	EUR
SC_GMFUL5306359	AFR
HG01607	EUR
HG01672	EUR
NA15202	
NA12829	EUR
SC_GMFUL5306361	AFR
HG01532	EUR
HG01677	EUR
HGDP00656	
NA12843	EUR
SC_GMFUL5306431	AFR
HG01537	EUR
HG01805	EAS
Nlk18	
NA12413	EUR
SC_GMFUL5306347	AFR
HG01551	AMR
HG01812	EAS
HGDP01015	
NA12716	EUR
SC_GMFUL5306385	AFR
HG01518	EUR
HG01704	EUR
IHW9193	
NA18500	AFR
SC_GMJOL5309813	AFR
HG01520	EUR
HG01797	EAS
HGDP01286	
NA18505	AFR
SC_GMJOL5309837	AFR
HG01525	EUR
HG01800	EAS
TGBS21	
NA12761	EUR
SC_GMWOF5428778	AFR
HG01493	AMR
HG01785	EUR
Ul5	
NA12874	EUR
SC_GMWOF5428812	AFR
HG01498	AMR
HG01874	EAS
BulgarianB4	
NA18517	AFR
SC_GMWOF5428797	AFR
HG01501	EUR
HG01879	AFR
ND19394	
NA18485	AFR
SC_GMWOF5428805	AFR
HG01506	EUR
HG01881	AFR
NA18497	AFR
SC_GMWOF5428723	AFR
HG01513	EUR
HG01918	AMR
NA18909	AFR
SC_GMWOF5428747	AFR
HG01556	AMR
HG01920	AMR
NA18911	AFR
SC_GMWOF5428716	AFR
HG01614	EUR
HG01925	AMR
NA18916	AFR
SC_GMJOL5309844	AFR
HG01594	SAS
HG01893	AMR
NA18923	AFR
SC_GMJOL5309868	AFR
HG01784	EUR
HG01898	AMR
NA18930	AFR
SC_GMJOL5309875	AFR
HG01789	EUR
HG01932	AMR
NA18935	AFR
SC_GMJOL5309820	AFR
HG01791	EUR
HG01937	AMR
NA18853	AFR
SC_GMWOF5428843	AFR
HG01619	EUR
HG01944	AMR
NA18858	AFR
SC_GMWOF5428867	AFR
HG01621	EUR
HG01949	AMR
NA18860	AFR
SC_GMWOF5428850	AFR
HG01626	EUR
HG01848	EAS
NA18740	EAS
SC_GMWOF5428874	AFR
HG01708	EUR
HG01850	EAS
NA18745	EAS
SC_GMWOF5428728	AFR
HG01710	EUR
HG01855	EAS
NA18757	EAS
SC_GMWOF5428829	AFR
HG01746	EUR
HG01817	EAS
NA18795	EAS
SC_GMMAN5482300	AFR
HG01633	EUR
HG01843	EAS
NA18632	EAS
SC_GMMAN5482324	AFR
HG01669	EUR
HG01886	AFR
NA18637	EAS
SC_GMMAN5482348	AFR
HG01671	EUR
HG01862	EAS
NA18865	AFR
SC_GMMAN5482285	AFR
HG01772	EUR
HG01867	EAS
NA18872	AFR
SC_GMMAN5482216	AFR
HG01777	EUR
HG02024	EAS
NA18877	AFR
SC_GMMAN5482177	AFR
HG01683	EUR
HG02029	EAS
NA18942	EAS
SC_GMMAN5482209	AFR
HG01695	EUR
HG02031	EAS
NA18947	EAS
SC_GMMAN5482266	AFR
HG01676	EUR
HG01968	AMR
NA18644	EAS
SC_GMMAN5482292	AFR
HG01765	EUR
HG01970	AMR
NA19166	AFR
NA18594	EAS
HG01703	EUR
HG01975	AMR
NA19173	AFR
HGDP00045	
HG01873	EAS
HG02055	AFR
NA19185	AFR
HGDP00052	
HG01878	EAS
HG02067	EAS
NA19154	AFR
HGDP00057	
HG01880	AFR
HG01951	AMR
NA19159	AFR
HGDP00064	
HG01885	AFR
HG01956	AFR
NA19161	AFR
HGDP00007	
HG01892	AMR
HG02017	EAS
NA19089	EAS
HGDP00021	
HG01816	EAS
HG02012	AFR
NA19091	EAS
HGDP00033	
HG01842	EAS
HG02048	EAS
NA19096	AFR
HGDP00538	
HG01847	EAS
HG02050	EAS
NA19123	AFR
HGDP00540	
HG01917	AMR
HG01982	AMR
NA19128	AFR
HGDP00545	
HG01924	AMR
HG01987	AFR
NA19130	AFR
HGDP00468	
HG01897	AFR
HG02079	EAS
NA19109	AFR
HGDP00470	
HG01912	AFR
HG02081	EAS
NA19116	AFR
HGDP00475	
HG01861	EAS
HG02086	EAS
NA19142	AFR
HGDP00247	
HG01866	EAS
HG02132	EAS
NA19147	AFR
HGDP00254	
HG01796	EAS
HG02137	EAS
NA19072	EAS
HGDP00259	
HG01804	EAS
HG02113	EAS
NA19077	EAS
HGDP00444	
HG01809	EAS
HG02120	EAS
NA19084	EAS
HGDP00463	
HG01811	EAS
HG02144	AFR
NA19104	AFR
HGDP00285	
HG01859	EAS
HG02151	EAS
NA19680	AMR
HGDP00514	
HG01998	AMR
HG02156	EAS
NA19685	AMR
HGDP00519	
HG02004	AMR
HG02182	EAS
NA19700	AFR
HGDP00716	
HG02009	AFR
HG02187	EAS
NA19659	AMR
HGDP00723	
HG02011	AFR
HG02106	AMR
NA19661	AMR
HGDP00684	
HG02023	EAS
HG02074	EAS
NA19469	AFR
HGDP00689	
HG02028	EAS
HG02168	EAS
NA19471	AFR
HGDP00691	
HG02030	EAS
HG02170	EAS
NA19445	AFR
HGDP00704	
HG01986	AFR
HG02303	AMR
NA19452	AFR
HGDP00711	
HG01993	AMR
HG02308	AFR
NA19678	AMR
HGDP00735	
HG01979	AMR
HG02315	AFR
NA19438	AFR
HGDP00696	
HG01981	AMR
HG02339	AFR
NA19440	AFR
HGDP00730	
HG01950	AMR
HG02353	EAS
NA19654	AMR
HGDP00677	
HG01955	AMR
HG02233	EUR
NA19399	AFR
HGDP00653	
HG01943	AMR
HG02238	EUR
NA19457	AFR
HGDP00672	
HG01948	AMR
HG02240	EUR
NA20524	EUR
HGDP00913	
HG01967	AMR
HG02252	AMR
NA20529	EUR
HGDP00918	
HG01974	AMR
HG02257	AFR
NA20531	EUR
HGDP00920	
HG01936	AMR
HG02271	AMR
NA20769	EUR
HGDP00901	
HG02016	EAS
HG02276	AMR
NA20771	EUR
HGDP00906	
HG02054	AFR
HG02219	EUR
NA20505	EUR
HGDP00893	
HG02059	EAS
HG02221	EUR
NA20512	EUR
HGDP00898	
HG02061	EAS
HG02322	AFR
NA20586	EUR
HGDP00925	
HG02129	EAS
HG02334	AFR
NA20752	EUR
HGDP00937	
HG02131	EAS
HG02283	AFR
NA20543	EUR
HGDP00881	
HG02136	EAS
HG02288	AMR
NA20581	EUR
HGDP00886	
HG02078	EAS
HG02492	SAS
NA20757	EUR
HGDP00879	
HG02080	EAS
HG02497	AFR
NA20764	EUR
HGDP00963	
HG02085	EAS
HG02478	AFR
NA20517	EUR
HGDP00949	
HG02143	AFR
HG02480	AFR
NA20783	EUR
HGDP00944	
HG02148	AMR
HG02485	AFR
NA20536	EUR
HGDP01202	
HG02150	AMR
HG02358	EAS
NA20889	SAS
HGDP01207	
HG02155	EAS
HG02360	EAS
NA20891	SAS
HGDP01221	
HG02105	AMR
HG02372	EAS
NA20909	SAS
HGDP01226	
HG02073	EAS
HG02428	AFR
NA20911	SAS
HGDP01269	
HG02035	EAS
HG02442	AFR
NA21089	SAS
HGDP01271	
HG02047	EAS
HG02461	AFR
NA21091	SAS
HGDP01257	
HG02179	EAS
HG02466	AFR
NA21104	SAS
HGDP01264	
HG02181	EAS
HG02377	EAS
NA21109	SAS
HGDP01233	
HG02302	AMR
HG02384	EAS
NA20896	SAS
HGDP01238	
HG02307	AFR
HG02389	EAS
NA20884	SAS
HGDP01187	
HG02314	AFR
HG02391	EAS
NA20877	SAS
HGDP01194	
HG02218	EUR
HG02409	EAS
NA20904	SAS
HGDP01214	
HG02220	EUR
HG02396	EAS
NA20872	SAS
HGDP01219	
HG02225	EUR
HG02644	AFR
SC_GMFUL5306348	AFR
HGDP01245	
HG02287	AMR
HG02649	SAS
SC_GMFUL5309789	AFR
HGDP01182	
HG02299	AMR
HG02651	SAS
SC_GMFUL5309710	AFR
HGDP01353	
HG02232	EUR
HG02574	AFR
SC_GMFUL5309703	AFR
HGDP01358	
HG02237	EUR
HG02555	AFR
SC_GMFUL5306420	AFR
HGDP01360	
HG02282	AFR
HG02562	AFR
SC_GMJOL5309965	AFR
HGDP01288	
HG02256	AFR
HG02567	AFR
SC_GMJOL5309934	AFR
HGDP01290	
HG02275	AMR
HG02505	AFR
SC_GMJOL5309958	AFR
HGDP01295	
HG02186	EAS
HG02512	EAS
SC_GMJOL5309895	AFR
HGDP01276	
HG02321	AFR
HG02524	EAS
SC_GMJOL5309941	AFR
HGDP01283	
HG02408	EAS
HG02536	AFR
SC_GMFUL5306379	AFR
HGDP01334	
HG02410	EAS
HG02613	AFR
SC_GMFUL5309741	AFR
HGDP01339	
HG02415	AMR
HG02620	AFR
SC_GMFUL5306432	AFR
HGDP01322	
HG02427	AFR
HG02601	SAS
SC_GMJOL5309972	AFR
HGDP01327	
HG02388	EAS
HG02586	AFR
SC_GMWOF5428724	AFR
HGDP01341	
HG02390	EAS
HG02625	AFR
SC_GMWOF5428748	AFR
HGDP01346	
HG02364	EAS
HG02776	SAS
SC_GMWOF5428736	AFR
HGDP01303	
HG02371	EAS
HG02783	SAS
SC_GMWOF5428705	AFR
HGDP01372	
HG02477	AFR
HG02764	AFR
SC_GMJOL5309953	AFR
HGDP01310	
HG02484	AFR
HG02769	AFR
SC_GMJOL5309977	AFR
HGDP01199	
HG02465	AFR
HG02771	AFR
SC_GMJOL5309819	AFR
HGDP01168	
HG02383	EAS
HG02738	SAS
SC_GMJOL5309821	AFR
HGDP00552	
HG02395	EAS
HG02757	AFR
SC_GMWOF5428762	AFR
NA15728	
HG02439	AFR
HG02682	SAS
SC_GMWOF5428731	AFR
K4	
HG02345	AMR
HG02687	SAS
SC_GMWOF5428755	AFR
Bu16	
HG02489	AFR
HG02726	SAS
SC_GMJOL5309852	AFR
Sam02	
HG02491	SAS
HG02733	SAS
SC_GMJOL5309876	AFR
HGDP01079	
HG02496	AFR
HG02702	AFR
SC_GMJOL5309903	AFR
NOR111	
HG02554	AFR
HG02721	AFR
SC_GMJOL5309927	AFR
HGDP01036	
HG02559	AFR
HG02668	AFR
SC_GMJOL5309984	AFR
HGDP01365	
HG02561	AFR
HG02675	AFR
SC_GMJOL5309960	AFR
NA15761	
HG02624	AFR
HG02694	SAS
SC_GMJOL5309883	AFR
YemeniteJew5433	
HG02629	AFR
HG02699	SAS
SC_GMMAN5482309	AFR
HGDP00956	
HG02636	AFR
HG02656	SAS
NA18524	EAS
armenia293	
HG02511	AFR
HG02788	SAS
NA18529	EAS
HGDP01012	
HG02523	EAS
HG02790	SAS
SC_GMMAN5482316	AFR
HGDP00216	
HG02580	AFR
HG02889	AFR
HGDP00094	
HG02585	AFR
HG02891	AFR
HGDP00099	
HG02605	SAS
HG02896	AFR
HGDP00102	
HG02612	AFR
HG02923	AFR
HGDP00056	
HG02597	SAS
HG02839	AFR
HGDP00068	
HG02600	SAS
HG02841	AFR
HGDP00070	
HG02573	AFR
HG02853	AFR
HGDP00037	
HG02547	AFR
HG02947	AFR
HGDP00049	
HG02662	SAS
HG02954	AFR
HGDP00001	
HG02667	AFR
HG02966	AFR
HGDP00013	
HG02679	AFR
HG02808	AFR
HGDP00082	
HG02643	AFR
HG02810	AFR
HGDP00119	
HG02648	SAS
HG02860	AFR
HGDP00025	
HG02650	SAS
HG02884	AFR
HGDP00323	
HG02763	AFR
HG02815	AFR
HGDP00330	
HG02768	AFR
HG02942	AFR
HGDP00359	
HG02770	AFR
HG03034	AFR
HGDP00479	
HG02737	SAS
HG03039	AFR
HGDP00513	
HG02756	AFR
HG03041	AFR
HGDP00450	
HG02681	SAS
HG03046	AFR
HGDP00455	
HG02686	SAS
HG03084	AFR
HGDP00518	
HG02775	SAS
HG03091	AFR
HGDP00520	
HG02787	SAS
HG03096	AFR
HGDP00525	
HG02698	SAS
HG03058	AFR
HGDP00392	
HG02701	SAS
HG03060	AFR
HGDP00397	
HG02725	SAS
HG03065	AFR
HGDP00412	
HG02655	SAS
HG03015	SAS
HGDP00417	
HG02890	AFR
HG03022	SAS
HGDP00467	
HG02895	AFR
HG02973	AFR
HGDP00462	
HG02922	AFR
HG02978	AFR
HGDP00537	
HG02838	AFR
HG03027	AFR
HGDP00544	
HG02840	AFR
HG03072	AFR
HGDP00549	
HG02852	AFR
HG03077	AFR
HGDP00551	
HG02814	AFR
HG02980	AFR
HGDP00556	
HG02819	AFR
HG03008	SAS
HGDP00619	
HG02821	AFR
HG03053	AFR
HGDP00621	
HG02794	SAS
HG03200	AFR
HGDP00626	
HG02799	AFR
HG03212	AFR
HGDP00638	
HG02939	AFR
HG03224	AFR
HGDP00640	
HG02941	AFR
HG03229	SAS
HGDP00645	
HG02946	AFR
HG03130	AFR
HGDP00594	
HG02883	AFR
HG03135	AFR
HGDP00599	
HG02888	AFR
HG03123	AFR
HGDP00602	
HG02953	AFR
HG03128	AFR
HGDP00607	
HG02965	AFR
HG03159	AFR
HGDP00614	
HG02807	AFR
HG03161	AFR
HGDP00563	
HG02869	AFR
HG03111	AFR
HGDP00568	
HG02871	AFR
HG03116	AFR
HGDP00582	
HG02984	AFR
HG03104	AFR
HGDP00587	
HG03007	SAS
HG03109	AFR
HGDP00575	
HG03033	AFR
HG03166	AFR
HGDP00981	
HG03040	AFR
HG03173	AFR
HGDP00986	
HG03045	AFR
HG03236	SAS
HGDP00993	
HG03052	AFR
HG03197	AFR
HGDP00924	
HG03057	AFR
HG03293	AFR
HGDP00929	
HG03019	SAS
HG03298	AFR
HGDP00931	
HG03021	SAS
HG03301	AFR
HGDP00948	
HG02972	AFR
HG03394	AFR
HGDP00950	
HG02977	AFR
HG03399	AFR
HGDP00955	
HG03064	AFR
HG03402	AFR
HGDP00900	
HG03069	AFR
HG03351	AFR
HGDP00905	
HG03076	AFR
HG03363	AFR
HGDP00967	
HG03088	AFR
HG03267	AFR
HGDP00974	
HG03095	AFR
HG03279	AFR
HGDP00912	
HG03026	AFR
HG03368	AFR
HGDP00917	
HG03230	SAS
HG03370	AFR
HGDP01009	
HG03235	SAS
HG03313	AFR
HGDP00943	
HG03242	AFR
HG03344	AFR
HGDP00962	
HG03209	AFR
HG03248	AFR
HGDP01244	
HG03228	SAS
HG03250	AFR
HGDP01249	
HG03189	AFR
HG03382	AFR
HGDP01251	
HG03191	AFR
HG03306	AFR
HGDP01287	
HG03196	AFR
HG03488	SAS
HGDP01294	
HG03103	AFR
HG03490	SAS
HGDP01232	
HG03108	AFR
HG03508	AFR
HGDP01237	
HG03110	AFR
HG03419	AFR
HGDP01220	
HG03115	AFR
HG03433	AFR
HGDP01225	
HG03122	AFR
HG03438	AFR
HGDP01268	
HG03127	AFR
HG03522	AFR
HGDP01270	
HG03158	AFR
HG03539	AFR
HG00118	EUR
HGDP01256	
HG03160	AFR
HG03457	AFR
HG00120	EUR
HGDP01263	
HG03134	AFR
HG03464	AFR
HG00125	EUR
HGDP01275	
HG03139	AFR
HG03445	AFR
HG00137	EUR
HGDP01282	
HG03172	AFR
HG03452	AFR
HG00144	EUR
HGDP01299	
HG03247	AFR
HG03469	AFR
HG00101	EUR
HGDP01302	
HG03259	AFR
HG03471	AFR
HG00106	EUR
HGDP01213	
HG03350	AFR
HG03510	AFR
HG00149	EUR
HGDP01218	
HG03362	AFR
HG03515	AFR
HG00151	EUR
SA0722	
HG03367	AFR
HG03476	AFR
HG00132	EUR
Nlk3	
HG03393	AFR
HG03558	AFR
HG00156	EUR
mg27	
HG03398	AFR
HG03565	AFR
HG00182	EUR
ALB212	
HG03401	AFR
HG03584	AFR
HG00113	EUR
HGDP00796	
HG03312	AFR
HG03589	SAS
HG00098	EUR
HGDP01047	
HG03343	AFR
HG03596	SAS
HG00303	EUR
iran17	
HG03297	AFR
HG03673	SAS
HG00308	EUR
HGDP01078	
HG03300	AFR
HG03680	SAS
HG00310	EUR
HGDP01035	
HG03266	AFR
HG03572	AFR
HG00264	EUR
HGDP01338	
HG03280	AFR
HG03577	AFR
HG00269	EUR
SAH41	
HG03305	AFR
HG03642	SAS
HG00187	EUR
lez49	
HG03374	AFR
HG03616	SAS
HG00233	EUR
abh100	
HG03381	AFR
HG03604	SAS
HG00252	EUR
HGDP00157	
HG03521	AFR
HG03611	SAS
HG00257	EUR
zapo0099	
HG03538	AFR
HG03685	SAS
HG00238	EUR
mixa0105	
HG03540	AFR
HG03692	SAS
HG00240	EUR
NA21490	
HG03557	AFR
HG03635	SAS
HG00271	EUR
HG00188	EUR
HG03564	AFR
HG03654	SAS
HG00276	EUR
HG00190	EUR
HG03569	AFR
HG03755	SAS
HG00245	EUR
HG00234	EUR
HG03571	AFR
HG03762	SAS
HG00315	EUR
HG00373	EUR
HG03487	SAS
HG03767	SAS
HG00288	EUR
HG00378	EUR
HG03499	AFR
HG03697	SAS
HG00290	EUR
HG00380	EUR
HG03449	AFR
HG03700	SAS
HG00358	EUR
HG00359	EUR
HG03451	AFR
HG03729	SAS
HG00360	EUR
HG00361	EUR
HG03468	AFR
HG03731	SAS
HG00365	EUR
HG00366	EUR
HG03470	AFR
HG03736	SAS
HG00423	EAS
HG00304	EUR
HG03576	AFR
HG03793	SAS
HG00428	EAS
HG00309	EUR
HG03583	AFR
HG03798	SAS
HG00442	EAS
HG00311	EUR
HG03514	AFR
HG03779	SAS
HG00384	EUR
HG00272	EUR
HG03519	AFR
HG03781	SAS
HG00404	EAS
HG00277	EUR
HG03432	AFR
HG03786	SAS
HG00334	EUR
HG00328	EUR
HG03437	AFR
HG03705	SAS
HG00339	EUR
HG00330	EUR
HG03456	AFR
HG03743	SAS
HG00341	EUR
HG00335	EUR
HG03704	SAS
HG03750	SAS
HG00372	EUR
HG00342	EUR
HG03709	SAS
HG03774	SAS
HG00377	EUR
HG00265	EUR
HG03711	SAS
HG03717	SAS
HG00346	EUR
HG00284	EUR
HG03641	SAS
HG03882	SAS
HG00353	EUR
HG00323	EUR
HG03646	SAS
HG03887	SAS
HG00409	EAS
HG00652	EAS
HG03672	SAS
HG03894	SAS
HG00411	EAS
HG00657	EAS
HG03684	SAS
HG03825	SAS
HG00327	EUR
HG00664	EAS
HG03634	SAS
HG03832	SAS
HG00447	EAS
HG00671	EAS
HG03639	SAS
HG03849	SAS
HG00478	EAS
HG00614	EAS
HG03653	SAS
HG03851	SAS
HG00480	EAS
HG00619	EAS
HG03660	SAS
HG03856	SAS
HG00500	EAS
HG00621	EAS
HG03603	SAS
HG03868	SAS
HG00512	EAS
HG00676	EAS
HG03615	SAS
HG03870	SAS
HG00524	EAS
HG00683	EAS
HG03590	SAS
HG03875	SAS
HG00531	EAS
HG00690	EAS
HG03595	SAS
HG03899	SAS
HG00536	EAS
HG00734	AMR
HG03696	SAS
HG03902	SAS
HG00543	EAS
HG00739	AMR
HG03689	SAS
HG03837	SAS
HG00613	EAS
HG00741	AMR
HG03691	SAS
HG03844	SAS
HG00620	EAS
HG00599	EAS
HG03792	SAS
HG03801	SAS
HG00459	EAS
HG00607	EAS
HG03797	SAS
HG03806	SAS
HG00473	EAS
HG00626	EAS
HG03800	SAS
HG03863	SAS
HG00567	EAS
HG00633	EAS
HG03805	SAS
HG03813	SAS
HG00579	EAS
HG00638	AMR
HG03742	SAS
HG03995	SAS
HG00581	EAS
HG00640	AMR
HG03754	SAS
HG04001	SAS
HG00625	EAS
HG00708	EAS
HG03773	SAS
HG04006	SAS
HG00632	EAS
HG00703	EAS
HG03778	SAS
HG03907	SAS
HG00593	EAS
HG01148	AMR
HG03780	SAS
HG03914	SAS
HG00598	EAS
HG01150	AMR
HG03785	SAS
HG03976	SAS
HG00555	AMR
HG01162	AMR
HG03716	SAS
HG03988	SAS
HG00733	AMR
HG01249	AMR
HG03723	SAS
HG03990	SAS
HG00738	AMR
HG01251	AMR
HG03812	SAS
HG03919	SAS
HG00740	AMR
HG01167	AMR
HG03817	SAS
HG03926	SAS
HG00651	EAS
HG01174	AMR
HG03761	SAS
HG04018	SAS
HG00656	EAS
HG01131	AMR
HG03766	SAS
HG04020	SAS
HG00663	EAS
HG01136	AMR
HG03730	SAS
HG04025	SAS
HG00694	EAS
HG01198	AMR
HG03824	SAS
HG03940	SAS
HG00699	EAS
HG01206	AMR
HG03829	SAS
HG03969	SAS
HG00702	EAS
HG01275	AMR
HG03831	SAS
HG03971	SAS
HG01046	EAS
HG01256	AMR
HG03898	SAS
HG03945	SAS
HG01053	AMR
HG01302	AMR
HG03901	SAS
HG04037	SAS
HG01058	AMR
HG01326	AMR
HG03879	SAS
HG04094	SAS
HG01060	AMR
HG01600	EAS
HG03886	SAS
HG04099	SAS
HG00707	EAS
HG01605	EUR
HG03920	SAS
HG04107	SAS
HG00978	EAS
HG01504	EUR
HG03925	SAS
HG04114	SAS
HG00637	AMR
HG01509	EUR
HG03906	SAS
HG04063	SAS
HG00675	EAS
HG01566	AMR
HG03913	SAS
HG04070	SAS
HG01109	AMR
HG01573	AMR
HG03874	SAS
HG04075	SAS
HG01111	AMR
HG01578	AMR
HG03848	SAS
HG04183	SAS
HG01123	AMR
HG01491	AMR
HG03850	SAS
HG04188	SAS
HG01072	AMR
HG01496	AMR
HG03862	SAS
HG04152	SAS
HG01077	AMR
HG01511	EUR
HG03867	SAS
HG04157	SAS
HG01089	AMR
HG01516	EUR
HG03836	SAS
HG04164	SAS
HG01096	AMR
HG01484	AMR
HG04062	SAS
HG04171	SAS
HG01130	AMR
HG01489	AMR
HG04067	SAS
HG04176	SAS
HG01135	AMR
HG01523	EUR
HG04093	SAS
HG04140	SAS
HG01142	AMR
HG01528	EUR
HG04017	SAS
HG04056	SAS
HG01161	AMR
HG01530	EUR
HG04024	SAS
HG04195	SAS
HG01173	AMR
HG01597	EAS
HG04029	SAS
HG04133	SAS
HG01104	AMR
HG01787	EUR
HG03944	SAS
NA11831	EUR
HG01084	AMR
HG01794	EAS
HG03949	SAS
NA11843	EUR
HG01178	AMR
HG01895	AFR
HG03951	SAS
NA11881	EUR
HG01503	EUR
HG01915	AFR
HG03937	SAS
NA11893	EUR
HG01508	EUR
HG01888	AFR
HG03963	SAS
NA07037	EUR
HG01438	AMR
HG01890	AFR
HG03968	SAS
NA07051	EUR
HG01440	AMR
HG01864	EAS
HG03999	SAS
NA07056	EUR
HG01445	AMR
HG01869	EAS
HG04050	SAS
NA07347	EUR
HG01490	AMR
HG01871	EAS
HG04055	SAS
NA10857	EUR
HG01495	AMR
HG01852	EAS
HG03982	SAS
NA10864	EUR
HG01414	AMR
HG01857	EAS
HG04036	SAS
NA11829	EUR
HG01433	AMR
HG01840	EAS
HG04118	SAS
HG04215	SAS
HG01483	AMR
HG01845	EAS
HG04132	SAS
HG04222	SAS
HG01488	AMR
HG01883	AFR
HG04194	SAS
HG04227	SAS
HG01510	EUR
HG01799	EAS
HG04199	SAS
NA10840	EUR
HG01515	EUR
HG01802	EAS
HG04182	SAS
NA10845	EUR
HG01464	AMR
HG01807	EAS
HG04187	SAS
NA10852	EUR
HG01471	AMR
HG02090	AMR
HG04144	SAS
HG04208	SAS
HG01394	AMR
HG02095	AFR
HG04149	SAS
HG04210	SAS
HG01402	AMR
HG02108	AFR
HG04151	SAS
NA10838	EUR
HG01452	AMR
HG02141	EAS
HG04156	SAS
HG04239	SAS
HG01457	AMR
HG02146	AMR
HG04098	SAS
NA06995	EUR
HG01565	AMR
HG02057	EAS
HG04106	SAS
NA11994	EUR
HG01572	AMR
HG02064	EAS
HG04202	SAS
NA12005	EUR
HG01577	AMR
HG02069	EAS
HG04214	SAS
NA12043	EUR
HG01673	EUR
HG02026	EAS
HG04219	SAS
NA11918	EUR
HG01678	EUR
HG02040	EAS
HG04175	SAS
NA11920	EUR
HG01680	EUR
HG02071	EAS
NA06994	EUR
NA11932	EUR
HG01522	EUR
HG02076	EAS
NA07000	EUR
NA12815	EUR
HG01527	EUR
HG02122	EAS
NA07029	EUR
NA12827	EUR
HG01623	EUR
HG02127	EAS
NA07031	EUR
NA12144	EUR
HG01628	EUR
HG02083	EAS
HG00139	EUR
NA07048	EUR
NA12156	EUR
HG01685	EUR
HG02088	EAS
HG00141	EUR
NA07055	EUR
NA12264	EUR
HG01697	EUR
HG02134	EAS
HG00146	EUR
NA07346	EUR
NA12283	EUR
HG01589	SAS
HG02139	EAS
HG00158	EUR
NA10856	EUR
NA12341	EUR
HG01596	EAS
HG02052	AFR
HG00160	EUR
NA10863	EUR
NA12776	EUR
HG01630	EUR
HG02312	AMR
HG00108	EUR
NA11830	EUR
NA12485	EUR
HG01609	EUR
HG02317	AFR
HG00110	EUR
NA11917	EUR
NA12707	EUR
HG01611	EUR
HG02420	AFR
HG00115	EUR
NA11931	EUR
NA12740	EUR
HG01616	EUR
HG02425	AMR
HG00127	EUR
NA11993	EUR
NA12752	EUR
HG01604	EUR
HG02449	AFR
HG00134	EUR
NA12004	EUR
NA12865	EUR
HG01919	AMR
HG02451	AFR
HG00122	EUR
NA10851	EUR
NA12872	EUR
HG01921	AMR
HG02379	EAS
HG00177	EUR
NA11892	EUR
NA12877	EUR
HG01926	AMR
HG02381	EAS
HG00103	EUR
NA07435	EUR
NA12889	EUR
HG01870	EAS
HG02348	AMR
HG00189	EUR
NA10837	EUR
NA12891	EUR
HG01882	AFR
HG02355	EAS
HG00153	EUR
HG04238	SAS
NA18488	AFR
HG01940	AMR
HG02398	EAS
HG00324	EUR
HG04303	EUR
NA18508	AFR
HG01945	AMR
HG02401	EAS
HG00329	EUR
NA12249	EUR
NA18510	AFR
HG01969	AMR
HG02406	EAS
HG00331	EUR
NA12275	EUR
NA18515	AFR
HG01971	AMR
HG02386	EAS
HG00273	EUR
NA12282	EUR
NA18553	EAS
HG01933	AMR
HG02367	EAS
HG00278	EUR
NA12287	EUR
NA18558	EAS
HG01938	AMR
HG02374	EAS
HG00280	EUR
NA12890	EUR
NA18560	EAS
HG01894	AFR
HG02343	AFR
HG00261	EUR
NA18487	AFR
NA18522	AFR
HG01914	AFR
HG02792	SAS
HG00266	EUR
NA12718	EUR
NA18527	EAS
HG01863	EAS
HG02800	AFR
HG00235	EUR
NA12749	EUR
NA18565	EAS
HG01868	EAS
HG02805	AFR
HG00242	EUR
NA12751	EUR
NA18572	EAS
HG01952	AMR
HG02778	SAS
HG00254	EUR
NA12763	EUR
NA18534	EAS
HG01887	AFR
HG02780	SAS
HG00259	EUR
NA12775	EUR
NA18539	EAS
HG02188	EAS
HG02785	SAS
HG00247	EUR
NA12802	EUR
NA18541	EAS
HG02190	EAS
HG02862	AFR
HG00336	EUR
NA12383	EUR
NA18503	AFR
HG02215	EUR
HG02879	AFR
HG00343	EUR
NA12489	EUR
NA18546	EAS
HG02140	EAS
HG02881	AFR
HG00285	EUR
NA12340	EUR
NA18863	AFR
HG02145	AFR
HG02817	AFR
HG00312	EUR
NA12376	EUR
NA18868	AFR
HG02121	EAS
HG02836	AFR
HG00502	EAS
NA12155	EUR
NA18870	AFR
HG02126	EAS
HG02855	AFR
HG00514	EAS
NA12814	EUR
NA18577	EAS
HG02133	EAS
HG02944	AFR
HG00526	EAS
NA12864	EUR
NA18591	EAS
HG02138	EAS
HG02886	AFR
HG00463	EAS
NA18519	AFR
NA18596	EAS
HG02234	EUR
HG02773	AFR
HG00475	EAS
NA18521	AFR
NA18623	EAS
HG02239	EUR
HG02812	AFR
HG00437	EAS
NA18526	EAS
NA18628	EAS
HG02102	AMR
HG03017	SAS
HG00444	EAS
NA18603	EAS
NA18630	EAS
HG02107	AFR
HG03024	AFR
HG00381	EUR
NA18608	EAS
NA18635	EAS
HG02152	EAS
HG02982	AFR
HG00406	EAS
NA18610	EAS
NA18609	EAS
HG02164	EAS
HG03012	SAS
HG00418	EAS
NA18499	AFR
NA18611	EAS
HG02169	EAS
HG03050	AFR
HG00420	EAS
NA18502	AFR
NA18642	EAS
HG02176	EAS
HG03055	AFR
HG00449	EAS
NA18545	EAS
NA18647	EAS
HG02222	EUR
HG03074	AFR
HG00451	EAS
NA18552	EAS
NA18856	AFR
HG02479	AFR
HG03079	AFR
HG00362	EUR
NA18557	EAS
NA18748	EAS
HG02481	AFR
HG03081	AFR
HG00367	EUR
NA18564	EAS
NA18616	EAS
HG02486	AFR
HG02968	AFR
HG00350	EUR
NA18576	EAS
NA18940	EAS
HG02525	EAS
HG02970	AFR
HG00355	EUR
NA18595	EAS
NA18945	EAS
HG02537	AFR
HG03048	AFR
HG00379	EUR
NA18507	AFR
NA18907	AFR
HG02429	AFR
HG03029	AFR
HG00742	AMR
NA18571	EAS
NA18914	AFR
HG02436	AFR
HG02975	AFR
HG00759	EAS
NA18533	EAS
NA18933	AFR
HG02450	AFR
HG03062	AFR
HG00766	EAS
NA18538	EAS
NA18988	EAS
HG02455	AFR
HG03238	SAS
HG00867	EAS
NA18862	AFR
NA18990	EAS
HG02462	AFR
HG03240	AFR
HG00879	EAS
NA18867	AFR
NA18995	EAS
HG02549	AFR
HG03295	AFR
HG00684	EAS
NA18881	AFR
NA18969	EAS
HG02563	AFR
HG03303	AFR
HG00689	EAS
NA18906	AFR
NA18971	EAS
HG02493	SAS
HG03269	AFR
HG00691	EAS
NA18913	AFR
NA18976	EAS
HG02501	AFR
HG03271	AFR
HG00709	EAS
NA18622	EAS
NA18957	EAS
HG02392	EAS
HG03411	AFR
HG00716	EAS
NA18627	EAS
NA18964	EAS
HG02397	EAS
HG03428	AFR
HG00728	EAS
NA18639	EAS
NA18952	EAS
HG02405	EAS
HG03384	AFR
HG00730	EAS
NA18641	EAS
NA18983	EAS
HG02513	EAS
HG03391	AFR
HG01048	AMR
NA18646	EAS
NA18875	AFR
HG02385	EAS
HG03372	AFR
HG01050	AMR
NA18874	AFR
NA19037	AFR
HG02703	AFR
HG03339	AFR
HG01055	AMR
NA18879	AFR
NA19044	AFR
HG02715	AFR
HG03341	AFR
HG00881	EAS
NA18634	EAS
NA19099	AFR
HG02722	AFR
HG03308	AFR
HG00956	EAS
NA18615	EAS
NA19102	AFR
HG02804	AFR
HG03310	AFR
HG00982	EAS
NA18747	EAS
NA19087	EAS
HG02809	AFR
HG03365	AFR
HG01029	EAS
NA18855	AFR
NA19094	AFR
HG02811	AFR
HG03478	AFR
HG01031	EAS
NA18968	EAS
NA19068	EAS
HG02789	SAS
HG03480	AFR
HG01074	AMR
NA18970	EAS
NA19070	EAS
HG02791	SAS
HG03485	AFR
HG01079	AMR
NA18975	EAS
NA19075	EAS
HG02727	SAS
HG03459	AFR
HG01062	AMR
NA18999	EAS
NA19001	EAS
HG02734	SAS
HG03461	AFR
HG01067	AMR
NA19000	EAS
NA19006	EAS
HG02758	AFR
HG03466	AFR
HG00704	EAS
NA19005	EAS
NA19056	EAS
HG02760	AFR
HG03473	AFR
HG00735	AMR
NA18949	EAS
NA19063	EAS
HG02784	SAS
HG03517	AFR
HG01168	AMR
NA18951	EAS
NA19082	EAS
HG02772	AFR
HG03454	AFR
HG01170	AMR
NA18956	EAS
NA19020	AFR
HG02854	AFR
HG03548	AFR
HG01175	AMR
NA19012	EAS
NA19025	AFR
HG02816	AFR
HG03442	AFR
HG01125	AMR
NA19017	AFR
NA19222	AFR
HG03073	AFR
HG03567	AFR
HG01137	AMR
NA18982	EAS
NA19239	AFR
HG03078	AFR
HG03492	SAS
HG01101	AMR
NA18987	EAS
NA19208	AFR
HG03080	AFR
HG03783	SAS
HG01106	AMR
NA18963	EAS
NA19210	AFR
HG03085	AFR
HG03788	SAS
HG01081	AMR
NA18994	EAS
NA19215	AFR
HG03097	AFR
HG03790	SAS
HG01086	AMR
NA18944	EAS
NA19138	AFR
HG03100	AFR
HG03707	SAS
HG01182	AMR
NA18925	AFR
NA19140	AFR
HG03105	AFR
HG03714	SAS
HG01187	AMR
NA19086	EAS
NA19145	AFR
HG03129	AFR
HG03757	SAS
HG01113	AMR
NA19093	AFR
NA19107	AFR
HG03131	AFR
HG03769	SAS
HG01149	AMR
NA19113	AFR
NA19114	AFR
HG03136	AFR
HG03803	SAS
HG01098	AMR
NA19118	AFR
NA19190	AFR
HG03059	AFR
HG03808	SAS
HG01199	AMR
NA19098	AFR
NA19195	AFR
HG03061	AFR
HG03733	SAS
HG01454	AMR
NA19101	AFR
NA19171	AFR
HG03066	AFR
HG03738	SAS
HG01459	AMR
NA19067	EAS
NA19176	AFR
HG03112	AFR
HG03740	SAS
HG01461	AMR
NA19074	EAS
NA19119	AFR
HG03117	AFR
HG03745	SAS
HG01466	AMR
NA19079	EAS
NA19121	AFR
HG03054	AFR
HG03752	SAS
HG01473	AMR
NA19081	EAS
NA19152	AFR
HG03124	AFR
HG03719	SAS
HG01480	AMR
NA19055	EAS
NA19203	AFR
HG03035	AFR
HG03721	SAS
HG01492	AMR
NA19062	EAS
NA19309	AFR
HG03047	AFR
HG03771	SAS
HG01497	AMR
NA19036	AFR
NA19311	AFR
HG03617	SAS
HG03795	SAS
HG01500	EUR
NA19043	AFR
NA19316	AFR
HG03624	SAS
HG03978	SAS
HG01505	EUR
NA19024	AFR
NA19359	AFR
HG03489	SAS
HG03985	SAS
HG01411	AMR
NA19031	AFR
NA19373	AFR
HG03491	SAS
HG03992	SAS
HG01435	AMR
NA19120	AFR
NA19378	AFR
HG03477	AFR
HG04053	SAS
HG01442	AMR
NA19226	AFR
NA19443	AFR
HG03484	AFR
HG04058	SAS
HG01447	AMR
NA19238	AFR
NA19448	AFR
HG03600	SAS
HG04060	SAS
HG01512	EUR
NA19240	AFR
NA19429	AFR
HG03605	SAS
HG04003	SAS
HG01517	EUR
NA19207	AFR
NA19431	AFR
HG03559	AFR
HG04015	SAS
HG01396	AMR
NA19214	AFR
NA19436	AFR
HG03566	AFR
HG03947	SAS
HG01404	AMR
NA19221	AFR
NA19380	AFR
HG03511	AFR
HG04096	SAS
HG01485	AMR
NA19132	AFR
NA19385	AFR
HG03516	AFR
HG03973	SAS
HG01841	EAS
NA19137	AFR
NA19397	AFR
HG03547	AFR
HG04039	SAS
HG01846	EAS
NA19144	AFR
NA19347	AFR
HG03585	SAS
HG04022	SAS
HG01783	EUR
NA19252	AFR
NA19323	AFR
HG03578	AFR
HG03930	SAS
HG01790	EUR
NA19257	AFR
NA19328	AFR
HG03838	SAS
HG03942	SAS
HG01699	EUR
NA19149	AFR
NA19258	AFR
HG03840	SAS
NA12273	EUR
HG01702	EUR
NA19151	AFR
NA19669	AMR
HG03845	SAS
NA12329	EUR
HG01707	EUR
NA19308	AFR
NA19671	AMR
HG03799	SAS
NA12045	EUR
HG01764	EUR
NA19310	AFR
NA19676	AMR
HG03802	SAS
NA12057	EUR
HG01769	EUR
NA19315	AFR
NA19657	AMR
HG03807	SAS
NA10847	EUR
HG01771	EUR
NA19175	AFR
NA19664	AMR
HG03756	SAS
NA10854	EUR
HG01687	EUR
NA19199	AFR
NA19734	AMR
HG03763	SAS
NA11840	EUR
HG01694	EUR
NA19202	AFR
NA19741	AMR
HG03826	SAS
NA10859	EUR
HG01808	EAS
NA19327	AFR
NA19722	AMR
HG03833	SAS
NA10861	EUR
HG01810	EAS
NA19625	AFR
NA19727	AMR
HG03814	SAS
NA06997	EUR
HG01815	EAS
NA19649	AMR
NA19703	AFR
HG03821	SAS
NA07022	EUR
HG01757	EUR
NA19651	AMR
NA19708	AFR
HG03782	SAS
NA07034	EUR
HG01776	EUR
NA19396	AFR
NA19652	AMR
HG03787	SAS
NA10830	EUR
HG01795	EAS
NA19404	AFR
NA19455	AFR
HG03770	SAS
NA10835	EUR
HG02003	AMR
NA19428	AFR
NA19462	AFR
HG03775	SAS
NA10842	EUR
HG02008	AMR
NA19430	AFR
NA19467	AFR
HG03744	SAS
NA07349	EUR
HG02010	AFR
NA19435	AFR
NA19474	AFR
HG03794	SAS
NA12146	EUR
HG01978	AMR
NA19656	AMR
NA19683	AMR
HG04122	SAS
NA18548	EAS
HG01980	AMR
NA19663	AMR
NA19828	AFR
HG04127	SAS
NA18550	EAS
HG01985	AFR
NA19334	AFR
NA19835	AFR
HG04134	SAS
NA18555	EAS
HG02046	EAS
NA19346	AFR
NA19900	AFR
HG04033	SAS
NA18567	EAS
HG02053	AFR
NA19384	AFR
NA19746	AMR
HG04038	SAS
NA18574	EAS
HG02072	EAS
NA19391	AFR
NA19753	AMR
HG04040	SAS
NA18579	EAS
HG02077	EAS
NA19360	AFR
NA19758	AMR
HG03977	SAS
NA18618	EAS
HG01992	AMR
NA19372	AFR
NA19760	AMR
HG03989	SAS
NA18620	EAS
HG01997	AMR
NA19377	AFR
NA19772	AMR
HG03991	SAS
NA18606	EAS
HG02058	EAS
NA19466	AFR
NA19777	AMR
HG04141	SAS
NA18613	EAS
HG02060	EAS
NA19473	AFR
NA19789	AMR
HG04146	SAS
NA18536	EAS
HG01973	AMR
NA19454	AFR
NA19796	AMR
HG03960	SAS
NA18543	EAS
HG02027	EAS
NA19461	AFR
NA19917	AFR
HG03965	SAS
NA18562	EAS
HG02015	EAS
NA19714	AFR
NA19924	AFR
HG03972	SAS
NA18593	EAS
HG02279	AMR
NA19719	AMR
NA20128	AFR
HG04076	SAS
NA18531	EAS
HG02281	AFR
NA19721	AMR
NA19784	AMR
HG04090	SAS
NA18625	EAS
HG02286	AMR
NA19764	AMR
NA19905	AFR
HG04019	SAS
NA19058	EAS
HG02293	AMR
NA19771	AMR
NA20274	AFR
HG04026	SAS
NA19060	EAS
HG02298	AMR
NA19776	AMR
NA20279	AFR
HG04002	SAS
NA19065	EAS
HG02301	AMR
NA19733	AMR
NA20281	AFR
HG04014	SAS
NA18980	EAS
HG02236	EUR
NA19738	AMR
NA20318	AFR
HG04115	SAS
NA18985	EAS
HG02250	EAS
NA19740	AMR
NA20320	AFR
NA11995	EUR
NA18961	EAS
HG02255	AFR
NA19670	AMR
NA20332	AFR
NA12006	EUR
NA18966	EAS
HG02262	AMR
NA19675	AMR
NA20349	AFR
NA12044	EUR
NA18973	EAS
HG02344	AMR
NA19702	AFR
NA20351	AFR
NA12056	EUR
NA18978	EAS
HG02351	EAS
NA19707	AFR
NA20363	AFR
NA12335	EUR
NA18954	EAS
HG02356	EAS
NA19726	AMR
NA20414	AFR
NA12342	EUR
NA18959	EAS
HG02363	EAS
NA19752	AMR
NA20301	AFR
NA12347	EUR
NA19003	EAS
HG02375	EAS
NA19682	AMR
NA20313	AFR
NA11894	EUR
NA19010	EAS
HG02267	AMR
NA19757	AMR
NA20344	AFR
NA11919	EUR
NA19027	AFR
HG02274	AMR
NA19788	AMR
NA20356	AFR
NA11933	EUR
NA18992	EAS
HG02325	AFR
NA19790	AMR
NA20298	AFR
NA12145	EUR
NA18997	EAS
HG02332	AFR
NA19795	AMR
NA20337	AFR
NA12234	EUR
NA19041	AFR
HG02337	AFR
NA19985	AFR
NA20503	EUR
NA12239	EUR
NA19046	AFR
HG02318	AFR
NA20127	AFR
NA20508	EUR
NA12400	EUR
NA19197	AFR
HG02654	SAS
NA19904	AFR
NA20510	EUR
NA12708	EUR
NA19200	AFR
HG02659	SAS
NA19909	AFR
NA20522	EUR
NA11832	EUR
NA19236	AFR
HG02661	SAS
NA19916	AFR
NA20527	EUR
NA11882	EUR
NA19248	AFR
HG02666	AFR
NA19923	AFR
NA20539	EUR
NA12272	EUR
NA19313	AFR
HG02628	AFR
NA19783	AMR
NA20541	EUR
NA10860	EUR
NA19318	AFR
HG02630	AFR
NA20278	AFR
NA20755	EUR
NA10865	EUR
NA19382	AFR
HG02635	AFR
NA19834	AFR
NA20762	EUR
NA10846	EUR
NA19394	AFR
HG02642	AFR
NA20285	AFR
NA20774	EUR
NA10853	EUR
NA19320	AFR
HG02596	AFR
NA20292	AFR
NA20589	EUR
NA18566	EAS
NA19332	AFR
HG02604	SAS
NA20297	AFR
NA20534	EUR
NA18573	EAS
NA19375	AFR
HG02611	AFR
NA20300	AFR
NA20515	EUR
NA18631	EAS
NA19351	AFR
HG02623	AFR
NA20519	EUR
NA20767	EUR
NA18636	EAS
NA19224	AFR
HG02572	AFR
NA20521	EUR
NA20798	EUR
NA18542	EAS
NA19205	AFR
HG02577	AFR
NA20526	EUR
NA20801	EUR
NA18547	EAS
NA19724	AMR
HG02584	AFR
NA20348	AFR
NA20863	SAS
NA18605	EAS
NA19729	AMR
HG02589	AFR
NA20350	AFR
NA20868	SAS
NA18612	EAS
NA19731	AMR
HG02541	AFR
NA20312	AFR
NA20832	EUR
NA18592	EAS
NA19748	AMR
HG02546	AFR
NA20317	AFR
NA20849	SAS
NA18597	EAS
NA19750	AMR
HG02558	AFR
NA20502	EUR
NA20813	EUR
NA18624	EAS
NA19755	AMR
HG02647	AFR
NA20507	EUR
NA20786	EUR
NA18629	EAS
NA19798	AMR
HG02818	AFR
NA20362	AFR
NA20806	EUR
NA18559	EAS
NA19818	AFR
HG02820	AFR
NA20413	AFR
NA20818	EUR
NA18561	EAS
NA19774	AMR
HG02837	AFR
NA20336	AFR
NA20856	SAS
NA18617	EAS
NA19779	AMR
HG02882	AFR
NA20514	EUR
NA20851	SAS
NA18643	EAS
NA19781	AMR
HG02887	AFR
NA20355	AFR
NA20899	SAS
NA18864	AFR
NA19786	AMR
HG02964	AFR
NA20343	AFR
NA20902	SAS
NA18869	AFR
NA19705	AFR
HG02969	AFR
NA20785	EUR
NA20875	SAS
NA18871	AFR
NA19712	AFR
HG02971	AFR
NA20792	EUR
NA20882	SAS
NA18915	AFR
NA19762	AMR
HG02806	AFR
NA20754	EUR
NA21087	SAS
NA18934	AFR
NA19717	AMR
HG02813	AFR
NA20759	EUR
NA20887	SAS
NA18908	AFR
NA19902	AFR
HG02851	AFR
NA20761	EUR
NA20894	SAS
NA18910	AFR
NA20322	AFR
HG02856	AFR
NA20538	EUR
NA21094	SAS
NA18939	EAS
NA20334	AFR
HG02945	AFR
NA20540	EUR
NA20870	SAS
NA18941	EAS
NA20339	AFR
HG02952	AFR
NA20773	EUR
NA20907	SAS
NA18946	EAS
NA20341	AFR
HG02870	AFR
NA20778	EUR
NA21099	SAS
NA18648	EAS
NA19919	AFR
HG02976	AFR
NA20797	EUR
NA21102	SAS
NA18749	EAS
NA19921	AFR
HG02938	AFR
NA20800	EUR
NA21107	SAS
NA18794	EAS
NA20276	AFR
HG02983	AFR
NA20805	EUR
NA21119	SAS
NA18960	EAS
NA19914	AFR
HG03006	SAS
NA20766	EUR
NA21121	SAS
NA18965	EAS
NA20346	AFR
HG03018	SAS
NA20588	EUR
NA21126	SAS
NA18876	AFR
NA20288	AFR
HG03025	AFR
NA20533	EUR
NA21114	SAS
NA18953	EAS
NA20290	AFR
HG03114	AFR
NA20879	SAS
NA21133	SAS
NA18852	AFR
NA20295	AFR
HG03119	AFR
NA20881	SAS
SC_GMFUL5306415	AFR
NA18857	AFR
NA20358	AFR
HG03121	AFR
NA20893	SAS
SC_GMFUL5306352	AFR
NA19209	AFR
NA20360	AFR
HG03049	AFR
NA20874	SAS
SC_GMFUL5306338	AFR
NA19211	AFR
NA19983	AFR
HG03063	AFR
NA20886	SAS
SC_GMFUL5306390	AFR
NA19247	AFR
NA20808	EUR
HG03099	AFR
NA20812	EUR
SC_GMFUL5306410	AFR
NA19254	AFR
NA20810	EUR
HG03082	AFR
NA20829	EUR
SC_GMFUL5306383	AFR
NA19223	AFR
NA20790	EUR
HG03056	AFR
NA20831	EUR
SC_GMFUL5306395	AFR
NA19235	AFR
NA20795	EUR
HG03107	AFR
NA20867	SAS
SC_GMFUL5306403	AFR
NA19379	AFR
NA20803	EUR
HG03373	AFR
NA20862	SAS
SC_GMFUL5306427	AFR
NA19381	AFR
NA20815	EUR
HG03378	AFR
NA20850	SAS
SC_GMFUL5306345	AFR
NA19393	AFR
NA20853	SAS
HG03380	AFR
NA21144	SAS
SC_GMFUL5306371	AFR
NA19324	AFR
NA20846	SAS
HG03354	AFR
SC_GMJOL5309898	AFR
SC_GMFUL5309748	AFR
NA19331	AFR
NA20858	SAS
HG03361	AFR
SC_GMJOL5309906	AFR
SC_GMFUL5306369	AFR
NA19204	AFR
NA20827	EUR
HG03366	AFR
SC_GMFUL5306346	AFR
SC_GMFUL5306388	AFR
NA19374	AFR
NA20822	EUR
HG03450	AFR
NA20898	SAS
SC_GMFUL5306340	AFR
NA19350	AFR
NA21130	SAS
HG03455	AFR
NA20901	SAS
SC_GMFUL5309781	AFR
NA19355	AFR
NA21135	SAS
HG03309	AFR
NA21118	SAS
SC_GMFUL5309755	AFR
NA19312	AFR
NA21142	SAS
HG03311	AFR
NA21120	SAS
SC_GMFUL5309700	AFR
NA19317	AFR
SC_GMFUL5306374	AFR
HG03296	AFR
NA21125	SAS
SC_GMJOL5309979	AFR
NA19723	AMR
SC_GMFUL5306398	AFR
HG03304	AFR
NA21093	SAS
SC_GMJOL5309948	AFR
NA19728	AMR
SC_GMFUL5306406	AFR
HG03342	AFR
NA21098	SAS
SC_GMFUL5309717	AFR
NA19730	AMR
SC_GMFUL5306343	AFR
HG03385	AFR
NA21101	SAS
SC_GMFUL5306408	AFR
NA19778	AMR
SC_GMFUL5306367	AFR
HG03397	AFR
NA21106	SAS
SC_GMJOL5309917	AFR
NA19780	AMR
NA21123	SAS
HG03431	AFR
NA20906	SAS
SC_GMFUL5306357	AFR
NA19785	AMR
NA21128	SAS
HG03436	AFR
NA21137	SAS
SC_GMJOL5309835	AFR
NA19742	AMR
NA21111	SAS
HG03462	AFR
NA21113	SAS
SC_GMJOL5309859	AFR
NA19747	AMR
NA21116	SAS
HG03708	SAS
NA21086	SAS
SC_GMJOL5309796	AFR
NA19754	AMR
SC_GMFUL5306413	AFR
HG03710	SAS
SC_GMFUL5306360	AFR
SC_GMJOL5309804	AFR
NA19759	AMR
SC_GMFUL5309722	AFR
HG03715	SAS
SC_GMFUL5309763	AFR
SC_GMJOL5309943	AFR
NA19761	AMR
SC_GMJOL5309890	AFR
HG03688	SAS
SC_GMFUL5306339	AFR
SC_GMJOL5309967	AFR
NA19704	AFR
SC_GMJOL5309922	AFR
HG03690	SAS
SC_GMFUL5309756	AFR
SC_GMJOL5309897	AFR
NA19711	AFR
SC_GMJOL5309939	AFR
HG03695	SAS
SC_GMFUL5309701	AFR
SC_GMJOL5309905	AFR
NA19766	AMR
SC_GMFUL5306418	AFR
HG03633	SAS
SC_GMFUL5306416	AFR
SC_GMJOL5309950	AFR
NA19773	AMR
SC_GMFUL5306355	AFR
HG03638	SAS
SC_GMFUL5306411	AFR
SC_GMJOL5309974	AFR
NA19716	AMR
SC_GMFUL5309708	AFR
HG03640	SAS
SC_GMFUL5309718	AFR
SC_GMJOL5309912	AFR
NA19792	AMR
SC_GMFUL5306362	AFR
HG03619	SAS
SC_GMFUL5306377	AFR
SC_GMJOL5309936	AFR
NA19797	AMR
SC_GMWOF5428729	AFR
HG03621	SAS
SC_GMFUL5306391	AFR
SC_GMWOF5428707	AFR
NA19735	AMR
SC_GMWOF5428786	AFR
HG03626	SAS
SC_GMFUL5306389	AFR
SC_GMJOL5309981	AFR
NA20504	EUR
SC_GMWOF5428875	AFR
HG03645	SAS
SC_GMFUL5309725	AFR
SC_GMJOL5309929	AFR
NA20509	EUR
SC_GMWOF5428820	AFR
HG03652	SAS
SC_GMFUL5306353	AFR
SC_GMJOL5309828	AFR
NA20530	EUR
SC_GMWOF5428832	AFR
HG03722	SAS
SC_GMFUL5306423	AFR
SC_GMWOF5428810	AFR
NA20535	EUR
SC_GMWOF5428825	AFR
HG03727	SAS
SC_GMFUL5306428	AFR
SC_GMWOF5428834	AFR
NA20511	EUR
SC_GMWOF5428849	AFR
HG03703	SAS
SC_GMFUL5306341	AFR
SC_GMWOF5428858	AFR
NA20516	EUR
SC_GMWOF5428882	AFR
HG03657	SAS
SC_GMJOL5309963	AFR
SC_GMWOF5428877	AFR
NA20357	AFR
SC_GMWOF5428798	AFR
HG03669	SAS
SC_GMJOL5309920	AFR
SC_GMWOF5428790	AFR
NA20542	EUR
SC_GMWOF5428806	AFR
HG03683	SAS
SC_GMJOL5309944	AFR
SC_GMWOF5428822	AFR
NA20528	EUR
SC_GMWOF5428863	AFR
HG03931	SAS
SC_GMJOL5309949	AFR
SC_GMWOF5428846	AFR
NA20340	AFR
SC_GMWOF5428813	AFR
HG03943	SAS
SC_GMJOL5309918	AFR
SC_GMWOF5428815	AFR
NA20345	AFR
SC_GMWOF5428818	AFR
HG03900	SAS
SC_GMJOL5309968	AFR
SC_GMWOF5428839	AFR
NA20364	AFR
SC_GMWOF5428851	AFR
HG03905	SAS
SC_GMJOL5309913	AFR
SC_GMWOF5428795	AFR
NA20763	EUR
SC_GMMAN5482241	AFR
HG03885	SAS
SC_GMFUL5306396	AFR
SC_GMWOF5428803	AFR
NA20768	EUR
SC_GMMAN5482195	AFR
HG03897	SAS
SC_GMFUL5306404	AFR
SC_GMWOF5428827	AFR
NA20770	EUR
SC_GMMAN5482203	AFR
HG03861	SAS
SC_GMJOL5309951	AFR
SC_GMWOF5428841	AFR
NA20799	EUR
SC_GMMAN5482227	AFR
HG03866	SAS
SC_GMJOL5309975	AFR
SC_GMWOF5428865	AFR
NA20802	EUR
SC_GMMAN5482323	AFR
HG03924	SAS
SC_GMJOL5309982	AFR
SC_GMWOF5428771	AFR
NA20819	EUR
SC_GMMAN5482260	AFR
HG03929	SAS
SC_GMJOL5309956	AFR
SC_GMWOF5428740	AFR
NA20821	EUR
SC_GMMAN5482284	AFR
HG03873	SAS
SC_GMJOL5309925	AFR
SC_GMWOF5428721	AFR
NA20756	EUR
SC_GMMAN5482234	AFR
HG03854	SAS
SC_GMWOF5428866	AFR
SC_GMWOF5428745	AFR
NA20807	EUR
SC_GMMAN5482171	AFR
HG03917	SAS
SC_GMWOF5428811	AFR
SC_GMWOF5428788	AFR
NA20585	EUR
SC_GMMAN5482208	AFR
HG03842	SAS
SC_GMWOF5428835	AFR
SC_GMWOF5428808	AFR
NA20787	EUR
SC_GMMAN5482169	AFR
HG03847	SAS
SC_GMJOL5309797	AFR
SC_GMMAN5482256	AFR
NA20814	EUR
SC_GMMAN5482239	AFR
HG04302	EUR
SC_GMJOL5309805	AFR
SC_GMMAN5482193	AFR
NA20775	EUR
SC_GMMAN5482176	AFR
NA06986	EUR
SC_GMJOL5309829	AFR
SC_GMMAN5482201	AFR
SC_GMFUL5309716	AFR
SC_GMMAN5482215	AFR
NA06993	EUR
SC_GMWOF5428859	AFR
SC_GMMAN5482225	AFR
SC_GMFUL5306363	AFR
SC_GMMAN5482258	AFR
HG04193	SAS
SC_GMWOF5428796	AFR
SC_GMMAN5482299	AFR
SC_GMFUL5306407	AFR
SC_GMMAN5482164	AFR
HG04198	SAS
SC_GMWOF5428804	AFR
SC_GMMAN5482307	AFR
SC_GMFUL5306344	AFR
SC_GMMAN5482291	AFR
HG04155	SAS
SC_GMJOL5309843	AFR
SC_GMMAN5482268	AFR
SC_GMFUL5309709	AFR
HGDP00222	
HG04162	SAS
SC_GMJOL5309867	AFR
SC_GMMAN5482162	AFR
SC_GMFUL5306387	AFR
HGDP00234	
HG04131	SAS
SC_GMWOF5428715	AFR
SC_GMMAN5482186	AFR
SC_GMFUL5306382	AFR
HGDP00239	
HG04136	SAS
SC_GMWOF5428739	AFR
SC_GMMAN5482282	AFR
SC_GMFUL5306351	AFR
HGDP00304	
HG04186	SAS
SC_GMJOL5309812	AFR
SC_GMMAN5482314	AFR
SC_GMFUL5306421	AFR
HGDP00309	
HG04148	SAS
SC_GMJOL5309836	AFR
SC_GMMAN5482251	AFR
SC_GMFUL5309730	AFR
HGDP00311	
HG04150	SAS
SC_GMWOF5428708	AFR
SC_GMMAN5482220	AFR
SC_GMFUL5306375	AFR
HGDP00121	
HG04174	SAS
SC_GMWOF5428842	AFR
SC_GMMAN5482244	AFR
SC_GMFUL5306399	AFR
HGDP00133	
HG04181	SAS
SC_GMJOL5309937	AFR
SC_GMMAN5482181	AFR
SC_GMFUL5309747	AFR
HGDP00241	
HG04206	SAS
SC_GMWOF5428828	AFR
SC_GMMAN5482213	AFR
SC_GMFUL5306426	AFR
HGDP00258	
HG04225	SAS
SC_GMWOF5428789	AFR
SC_GMMAN5482232	AFR
SC_GMFUL5306419	AFR
HGDP00140	
NA12414	EUR
SC_GMWOF5428861	AFR
SC_GMMAN5482340	AFR
SC_GMJOL5309896	AFR
HGDP00145	
NA12546	EUR
SC_GMMAN5482243	AFR
HGDP00092	
SC_GMJOL5309904	AFR
HGDP00169	
NA12717	EUR
SC_GMMAN5482180	AFR
HGDP00100	
SC_GMJOL5309928	AFR
HGDP00171	
NA12748	EUR
SC_GMMAN5482212	AFR
HGDP00129	
SC_GMWOF5428794	AFR
HGDP00210	
NA12750	EUR
SC_GMMAN5482236	AFR
HGDP00131	
SC_GMWOF5428802	AFR
HGDP00277	
NA12762	EUR
SC_GMMAN5482173	AFR
HGDP00078	
SC_GMWOF5428826	AFR
HGDP00183	
NA12767	EUR
SC_GMMAN5482197	AFR
HGDP00080	
SC_GMJOL5309884	AFR
HGDP00664	
NA12801	EUR
SC_GMWOF5428854	AFR
HGDP00035	
SC_GMWOF5428770	AFR
HGDP00669	
NA12813	EUR
SC_GMWOF5428823	AFR
HGDP00047	
SC_GMWOF5428732	AFR
HGDP00671	
NA12344	EUR
SC_GMWOF5428847	AFR
HGDP00054	
SC_GMWOF5428744	AFR
HGDP00746	
NA12375	EUR
SC_GMMAN5482205	AFR
HGDP00066	
SC_GMJOL5309961	AFR
HGDP00753	
NA12399	EUR
SC_GMMAN5482229	AFR
HGDP00009	
SC_GMJOL5309985	AFR
HGDP00734	
NA18486	AFR
SC_GMMAN5482178	AFR
HGDP00011	
SC_GMWOF5428713	AFR
HGDP00739	
NA18498	AFR
SC_GMMAN5482250	AFR
HGDP00136	
SC_GMWOF5428737	AFR
HGDP00741	
NA18518	AFR
SC_GMWOF5428816	AFR
HGDP00105	
SC_GMJOL5309860	AFR
HGDP00683	
NA18520	AFR
SC_GMWOF5428830	AFR
HGDP00023	
SC_GMWOF5428763	AFR
HGDP00688	
NA18501	AFR
SC_GMWOF5428873	AFR
HGDP00319	
SC_GMJOL5309827	AFR
HGDP00690	
NA18506	AFR
NA18540	EAS
HGDP00321	
SC_GMMAN5482322	AFR
HGDP00703	
NA12818	EUR
HGDP00003	
HGDP00326	
SC_GMMAN5482283	AFR
HGDP00708	
NA12832	EUR
SC_GMMAN5482192	AFR
HGDP00333	
SC_GMMAN5482315	AFR
HGDP00710	
NA12875	EUR
SC_GMMAN5482200	AFR
HGDP00364	
SC_GMMAN5482221	AFR
HGDP00758	
NA18912	AFR
SC_GMMAN5482224	AFR
HGDP00371	
SC_GMMAN5482199	AFR
HGDP00760	
NA18917	AFR
SC_GMMAN5482248	AFR
HGDP00376	
SC_GMMAN5482207	AFR
HGDP00727	
NA18854	AFR
SC_GMMAN5482274	AFR
HGDP00143	
SC_GMMAN5482276	AFR
HGDP00676	
NA18859	AFR
SC_GMMAN5482298	AFR
HGDP00148	
SC_GMMAN5482308	AFR
HGDP00715	
NA18861	AFR
SC_GMMAN5482306	AFR
HGDP00150	
SC_GMMAN5482233	AFR
HGDP00823	
NA18633	EAS
SC_GMMAN5482185	AFR
HGDP00237	
SC_GMMAN5482290	AFR
HGDP00828	
NA18638	EAS
SC_GMMAN5482217	AFR
HGDP00244	
SC_GMMAN5482168	AFR
HGDP00854	
NA18640	EAS
SC_GMMAN5482293	AFR
HGDP00251	
SC_GMMAN5482240	AFR
HGDP00804	
NA18873	AFR
SC_GMMAN5482301	AFR
HGDP00155	
HGDP00031	
HGDP00811	
NA18943	EAS
SC_GMMAN5482231	AFR
HGDP00167	
HGDP00043	
HGDP00765	
NA18948	EAS
SC_GMMAN5482255	AFR
HGDP00201	
HGDP00017	
HGDP00772	
NA18950	EAS
SC_GMMAN5482332	AFR
HGDP00206	
HGDP00029	
HGDP00880	
NA18924	AFR
HGDP00039	
HGDP00213	
HGDP00005	
HGDP00885	
NA18645	EAS
HGDP00041	
HGDP00218	
HGDP00315	
HGDP00892	
NA18878	AFR
HGDP00015	
HGDP00302	
HGDP00341	
HGDP00897	
NA18791	EAS
HGDP00104	
HGDP00307	
HGDP00346	
HGDP00777	
NA19092	AFR
HGDP00109	
HGDP00179	
HGDP00214	
HGDP00784	
NA19097	AFR
HGDP00173	
HGDP00181	
HGDP00226	
HGDP00859	
NA19143	AFR
HGDP00185	
HGDP00472	
HGDP00187	
HGDP00861	
NA19148	AFR
HGDP00154	
HGDP00491	
HGDP00199	
HGDP00791	
NA19129	AFR
HGDP00060	
HGDP00511	
HGDP00288	
HGDP00873	
NA19131	AFR
HGDP00161	
HGDP00547	
HGDP00290	
HGDP01155	
NA19117	AFR
HGDP00072	
HGDP00458	
HGDP00372	
HGDP01162	
NA19150	AFR
HGDP00096	
HGDP00460	
HGDP00423	
HGDP01167	
NA19100	AFR
HGDP00130	
HGDP00516	
HGDP00264	
HGDP01174	
NA19105	AFR
HGDP00135	
HGDP00523	
HGDP00459	
HGDP01181	
NA19059	EAS
HGDP00438	
HGDP00528	
HGDP00454	
HGDP01073	
NA19066	EAS
HGDP00445	
HGDP00535	
HGDP00670	
HGDP01092	
NA19080	EAS
HGDP00452	
HGDP00542	
HGDP00675	
HGDP01201	
NA19085	EAS
HGDP00262	
HGDP00388	
HGDP00613	
HGDP01206	
NA19078	EAS
HGDP00274	
HGDP00453	
HGDP00618	
HGDP01186	
NA19472	AFR
HGDP00279	
HGDP00465	
HGDP00620	
HGDP01193	
NA19648	AMR
HGDP00281	
HGDP00655	
HGDP00663	
HGDP01097	
NA19434	AFR
HGDP00192	
HGDP00662	
HGDP00668	
HGDP01100	
NA19439	AFR
HGDP00197	
HGDP00667	
HGDP00644	
HGDP01066	
NA19650	AMR
HGDP00205	
HGDP00624	
HGDP00649	
HGDP01023	
NA19655	AMR
HGDP00402	
HGDP00629	
HGDP00651	
HGDP01059	
NA19446	AFR
HGDP00407	
HGDP00631	
HGDP00682	
HGDP01415	
NA19453	AFR
HGDP00433	
HGDP00559	
HGDP00687	
HGDP01333	
NA19674	AMR
HGDP00356	
HGDP00561	
HGDP00625	
HGDP01403	
NA19679	AMR
HGDP00382	
HGDP00566	
HGDP00632	
HGDP01408	
NA19383	AFR
HGDP00298	
HGDP00643	
HGDP00586	
Bu5	
NA19390	AFR
HGDP00313	
HGDP00648	
HGDP00598	
HGDP00195	
NA19395	AFR
HGDP00243	
HGDP00578	
HGDP00601	
HGDP01376	
NA19403	AFR
HGDP00248	
HGDP00580	
HGDP00606	
HGDP01383	
NA19376	AFR
HGDP00351	
HGDP00636	
HGDP00637	
HGDP01319	
NA19662	AMR
HGDP00224	
HGDP00612	
HGDP00788	
HGDP01321	
NA20289	AFR
HGDP00546	
HGDP00573	
HGDP00790	
HGDP01326	
NA20291	AFR
HGDP00553	
HGDP00600	
HGDP00795	
HGDP01352	
NA20296	AFR
HGDP00558	
HGDP00744	
HGDP00889	
HGDP01357	
NA19794	AMR
HGDP00539	
HGDP00751	
HGDP00891	
HGDP01369	
NA19819	AFR
HGDP00541	
HGDP00698	
HGDP00896	
HGDP01371	
NA19984	AFR
HGDP00469	
HGDP00701	
HGDP00810	
HGDP01388	
NA20126	AFR
HGDP00471	
HGDP00679	
HGDP00815	
HGDP01340	
NA19908	AFR
HGDP00572	
HGDP00686	
HGDP00877	
AV-21	
NA19915	AFR
HGDP00577	
HGDP00763	
HGDP00884	
HGDP00936	
NA19922	AFR
HGDP00560	
HGDP00768	
HGDP00803	
Kor82	
NA20342	AFR
HGDP00565	
HGDP00693	
HGDP00808	
CHI-034	
NA20277	AFR
HGDP00527	
HGDP00732	
HGDP00858	
DNK05	
NA20284	AFR
HGDP00534	
HGDP00720	
HGDP00860	
ch113	
NA20335	AFR
HGDP00515	
HGDP00756	
HGDP00865	
NA11201	
NA20316	AFR
HGDP00522	
HGDP00674	
HGDP00872	
Jordan445	
NA20758	EUR
HGDP00490	
HGDP00787	
HGDP00904	
NA17386	
NA20760	EUR
HGDP00464	
HGDP00794	
HGDP00822	
HGDP01028	
NA20765	EUR
HGDP00673	
HGDP00799	
HGDP01166	
HGDP00208	
NA20809	EUR
HGDP00678	
HGDP00802	
HGDP01173	
HGDP01314	
NA20811	EUR
HGDP00604	
HGDP00807	
HGDP01180	
HGDP00328	
NA20828	EUR
HGDP00609	
HGDP00888	
HGDP01197	
NA15203	
NA20772	EUR
HGDP00611	
HGDP00890	
HGDP01200	
IraqiJew1771	
NA20796	EUR
HGDP00661	
HGDP00895	
HGDP01041	
Nesk_25	
NA20804	EUR
HGDP00666	
HGDP00821	
HGDP01053	
HGDP00722	
NA20816	EUR
HGDP00628	
HGDP00838	
HGDP01058	
HGDP01364	
NA20854	SAS
HGDP00630	
HGDP00864	
HGDP01060	
HGDP01345	
NA20847	SAS
HGDP00635	
HGDP00869	
HGDP01065	
HGDP00474	
NA21097	SAS
HGDP00642	
HGDP00871	
HGDP01104	
SA0342	
NA21100	SAS
HGDP00647	
HGDP00876	
HGDP01161	
HGDP01030	
NA21112	SAS
HGDP00654	
HGDP00883	
HGDP01205	
NA17374	
NA21117	SAS
HGDP00623	
HGDP00814	
HGDP01212	
Bishkek28439	
NA21124	SAS
HGDP00591	
HGDP00819	
HGDP01072	
HGDP01198	
NA21129	SAS
HGDP00584	
HGDP00845	
HGDP01077	
Kayseri23827	
SC_GMFUL5306429	AFR
HGDP00724	
HGDP00782	
HGDP01185	
HGDP01179	
SC_GMFUL5309738	AFR
HGDP00729	
HGDP01014	
HGDP01192	
SC_GMFUL5306366	AFR
HGDP00731	
HGDP01019	
HGDP01096	
SC_GMJOL5309899	AFR
HGDP00692	
HGDP01021	
HGDP01419	
SC_GMJOL5309907	AFR
HGDP00697	
HGDP01033	
Armenian222	
SC_GMFUL5306378	AFR
HGDP00680	
HGDP00977	
HGDP01349	
NA21105	SAS
HGDP00685	
HGDP00984	
HGDP01351	
NA21143	SAS
HGDP00748	
HGDP00934	
HGDP01356	
SC_GMFUL5306354	AFR
HGDP00750	
HGDP00939	
HGDP01363	
SC_GMJOL5309914	AFR
HGDP00762	
HGDP00941	
HGDP01368	
SC_GMFUL5306397	AFR
HGDP00767	
HGDP00965	
HGDP01370	
SC_GMFUL5306405	AFR
HGDP00736	
HGDP00972	
HGDP01382	
SC_GMJOL5309940	AFR
HGDP00700	
HGDP01064	
HGDP01387	
SC_GMJOL5309964	AFR
HGDP00712	
HGDP01069	
HGDP01399	
SC_GMJOL5309921	AFR
HGDP00755	
HGDP00908	
HGDP01375	
SC_GMJOL5309945	AFR
HGDP00863	
HGDP00910	
NA11200	
SC_GMJOL5309969	AFR
HGDP00868	
HGDP00946	
HGDP01337	
SC_GMJOL5309851	AFR
HGDP00870	
HGDP00953	
HGDP01332	
SC_GMJOL5309933	AFR
HGDP00875	
HGDP00958	
R6	
SC_GMJOL5309957	AFR
HGDP00813	
HGDP00960	
Ale22	
SC_GMJOL5309952	AFR
HGDP00818	
HGDP01057	
NA17385	
SC_GMJOL5309976	AFR
HGDP00820	
HGDP01204	
HGDP00928	
SC_GMJOL5309919	AFR
HGDP00774	
HGDP01209	
HGDP01250	
SC_GMJOL5309983	AFR
HGDP00779	
HGDP01184	
TZ-11	
SC_GMJOL5309926	AFR
HGDP00781	
HGDP01189	
I3	
SC_GMJOL5309971	AFR
HGDP00849	
HGDP01177	
BulgarianC1	
SC_GMWOF5428792	AFR
HGDP00856	
HGDP01090	
HGDP01414	
SC_GMWOF5428800	AFR
HGDP00832	
HGDP01230	
HGDP00548	
SC_GMWOF5428824	AFR
HGDP00837	
HGDP01071	
HGDP00125	
SC_GMWOF5428817	AFR
HGDP00806	
HGDP01103	
HGDP00846	
SC_GMWOF5428831	AFR
HGDP00894	
HGDP01196	
HGDP01320	
SC_GMWOF5428855	AFR
HGDP00882	
HGDP01216	
HGDP00702	
SC_GMWOF5428879	AFR
HGDP00786	
HGDP01292	
HGDP00783	
SC_GMMAN5482165	AFR
HGDP00995	
HGDP01300	
HGDP01034	
SC_GMMAN5482189	AFR
HGDP01001	
HGDP01254	
zapo0098	
SC_GMMAN5482211	AFR
HGDP01006	
HGDP01259	
HGDP00428	
SC_GMMAN5482235	AFR
HGDP01013	
HGDP01261	
DNK11	
SC_GMMAN5482191	AFR
HGDP00899	
HGDP01273	
Jordan603	
SC_GMMAN5482223	AFR
HGDP00902	
HGDP01280	
SC_GMMAN5482172	AFR
HGDP00907	
HGDP01329	
SC_GMMAN5482228	AFR
HGDP00919	
HGDP01331	
SC_GMMAN5482247	AFR
HGDP00926	
HGDP01266	
SC_GMMAN5482184	AFR
HGDP00933	
HGDP01305	
SC_GMMAN5482242	AFR
HGDP00976	
HGDP01285	
SC_GMWOF5428906	AFR
HGDP00983	
HGDP01317	
HGDP00122	
HGDP00969	
HGDP01247	
HGDP00127	
HGDP00971	
Y4	
HGDP00134	
HGDP00938	
altai363p	
HGDP00108	
HGDP00940	
ND15865	
HGDP00110	
HGDP00957	
HGDP01211	
HGDP00115	
HGDP00964	
Peru60	
HGDP00139	
HGDP00945	
NA00726	
HGDP00141	
HGDP00952	
mixe0002	
HGDP00146	
HGDP00914	
HGDP01398	
HGDP00177	
HGDP01070	
HGDP01406	
HGDP00189	
HGDP01075	
HGDP01413	
HGDP00191	
HGDP01087	
HGDP01418	
HGDP00153	
HGDP01164	
HGDP01381	
HGDP00158	
HGDP01169	
HGDP01386	
HGDP00228	
HGDP01171	
HGDP01362	
HGDP00230	
HGDP01094	
HGDP01367	
HGDP00076	
HGDP01099	
HGDP01374	
HGDP00088	
HGDP01102	
HGDP01379	
HGDP00103	
HGDP01152	
HGDP01336	
HGDP00165	
HGDP01157	
HGDP01348	
HGDP00608	
HGDP01183	
HGDP01297	
HGDP00610	
HGDP01190	
HGDP01355	
HGDP00615	
HGDP01063	
HGDP00852	
HGDP00639	
HGDP01068	
HGDP01172	
HGDP00641	
HGDP01051	
IHW9118	
HGDP00646	
HGDP01056	
HGDP01228	
HGDP00583	
HGDP01195	
HGDP00749	
HGDP00588	
HGDP01037	
lez42	
HGDP00590	
HGDP01289	
HGDP00338	
HGDP00564	
HGDP01291	
HGDP01223	
HGDP00571	
HGDP01222	
NA13616	
HGDP00622	
HGDP01227	
HGDP00650	
HGDP00627	
HGDP01258	
HGDP00530	
HGDP00634	
HGDP01260	
HGDP00903	
HGDP00557	
HGDP01272	
HGDP00737	
HGDP00595	
HGDP01277	
HGDP01242	
HGDP00576	
HGDP01239	
NA17377	
HGDP00805	
HGDP01241	
B17	
HGDP00812	
HGDP01296	
HGDP00597	
HGDP00759	
HGDP01265	
mixe0007	
HGDP00761	
HGDP01234	
Tuba19	
HGDP00747	
HGDP01208	
NA15763	
HGDP00754	
HGDP01397	
HGDP00554	
HGDP00797	
HGDP01400	
K1	
HGDP00800	
HGDP01405	
HGDP00857	
HGDP00766	
HGDP01373	
HGDP00775	
HGDP00843	
HGDP01378	
HGDP01153	
HGDP00862	
HGDP01380	
HGDP00713	
HGDP00817	
HGDP01354	
HGDP01076	
HGDP00780	
HGDP01359	
HGDP00991	
HGDP01024	
HGDP01304	
tdj409_shugnan	
HGDP01029	
HGDP01309	
abh107	
HGDP01031	
HGDP01361	
HGDP00915	
HGDP01043	
HGDP01366	
HGDP01312	
HGDP01050	
HGDP01342	
NA13604	
HGDP01074	
HGDP01347	
HGDP01191	
HGDP01081	
HGDP01311	
KD4	
HGDP01086	
HGDP01316	
HGDP00124	
HGDP01101	
HGDP01328	
HGDP01350	
HGDP01149	
HGDP01330	
Esk29	
HGDP01151	
HGDP01385	
Ayodo_430C	
HGDP00968	
NA21581	
HGDP00725	
HGDP00970	
Jordan214	
HGDP00706	
HGDP00975	
HGDP00887	
Ale14	
HGDP01055	
Sir26	
mixa0099	
HGDP01062	
HGDP00286	
HGDP01401	
HGDP00994	
NorthOssetia12	
HGDP01095	
HGDP01156	
HGDP00616	
Nlk1	
HGDP00999	
Mansi41	
HGDP00232	
HGDP01067	
HGDP00798	
IraqiJew4291	
HGDP00449	
HGDP01417	
HGDP00019	
Ayodo_81S	
Igor21	
HGDP01412	
Utsa22	
HGDP01323	
HGDP00533	
Ayodo_502C	
HGDP00526	
M4	
HGDP01416	
HGDP01203	
HGDP00090	
Sir19	
HGDP00569	
Igor20	
HGDP00987	
HGDP00058	
HGDP00932	
HGDP01018	
HGDP01404	
HGDP01246	
HGDP01411	
HGDP01335	
HGDP01377	
HGDP01032	
HGDP01384	
I1	
HGDP01315	
HGDP00027	
CHI-007	
HGDP01188	
HGDP01396	
Kusunda02	
HGDP01240	
Nesk_22	
mixe0042	
HGDP01253	
HGDP01098	
HGDP00457	
HGDP00160	
HGDP01044	
Bishkek28440	
Ale32	
HGDP00785	
DNK07	
HGDP00855	
mg31	
Kusunda15	
Utsa21	
HGDP00660	
Ale20	
HGDP01308	
HGDP00476	
HGDP01163	
HGDP01215	
HGDP00951	
Kayseri24424	
HGDP00773	
Sir40	
R3	
Tuba9	
Est400	
Y8	
HGDP00982	
HGDP00717	
Dus22	
Dus16	
NA13607	
tdj430_shugnan	
SAH31	
B11	
YemeniteJew4695	
